"TestId","Module","Entity","Function","ActionKind","UINavPathOrRoute","RequiredPermission","BackendAPIFunctionCovered","PreconditionsTestData","ManualSteps","ExpectedResult","NegativePermissionCase","LocalizationRtlCheck","Result","Evidence","Notes"
"UAT-0316","Attendance and leave","Absence Report","Navigation/access","View/List","/Attendance/Reports/Absence","PermissionList.AttendancePermissions.ViewReports","Menu route and page load","Authorized user has the menu permission and company/session context is selected.","Open sidebar/workspace menu; click Absence Report; verify route /Attendance/Reports/Absence loads without authorization or data errors.","Absence Report is visible for authorized users and the target page loads successfully.","Remove the listed permission from the test role; menu item should be hidden and direct route should not expose data.","Switch English/Arabic and verify menu label, route page title, and layout direction.","","","Menu coverage row"
"UAT-0319","Attendance and leave","Approve Emergency Leave","Navigation/access","View/List","/LeavesManagement/ApproveEmergencyLeaves","PermissionList.AttendancePermissions.RequestEmergencyLeave","Menu route and page load","Authorized user has the menu permission and company/session context is selected.","Open sidebar/workspace menu; click Approve Emergency Leave; verify route /LeavesManagement/ApproveEmergencyLeaves loads without authorization or data errors.","Approve Emergency Leave is visible for authorized users and the target page loads successfully.","Remove the listed permission from the test role; menu item should be hidden and direct route should not expose data.","Switch English/Arabic and verify menu label, route page title, and layout direction.","","","Menu coverage row"
"UAT-0308","Attendance and leave","Approve Permission Requests","Navigation/access","View/List","/Attendance/ApprovePermissionRequests","PermissionList.AttendancePermissions.RequestMidDayPermission","Menu route and page load","Authorized user has the menu permission and company/session context is selected.","Open sidebar/workspace menu; click Approve Permission Requests; verify route /Attendance/ApprovePermissionRequests loads without authorization or data errors.","Approve Permission Requests is visible for authorized users and the target page loads successfully.","Remove the listed permission from the test role; menu item should be hidden and direct route should not expose data.","Switch English/Arabic and verify menu label, route page title, and layout direction.","","","Menu coverage row"
"UAT-0267","Attendance and leave","Attendance","ApproveEmergencyLeave","Workflow","/LeavesManagement/Balances","Attendance.Attendance.ApproveEmergencyLeave","No direct endpoint found or covered through parent UI/service","Seeded company context, authorized test user, and valid Attendance data where applicable.","Open /LeavesManagement/Balances; create or select a record in the required status; execute the workflow action linked to Attendance.Attendance.ApproveEmergencyLeave; verify status, audit trail, downstream data, and unavailable invalid next actions.","Workflow transition succeeds only from valid state, updates visible status, and preserves permission and audit behavior.","Sign in as a user without Attendance.Attendance.ApproveEmergencyLeave; menu/action must be hidden or disabled, and direct navigation/action must be denied.","Switch English/Arabic and verify labels, direction, validation messages, and action alignment remain usable.","","",""
"UAT-0272","Attendance and leave","Attendance","ApproveMidDayPermission","Workflow","/Attendance/ApprovePermissionRequests","Attendance.Attendance.ApproveMidDayPermission","No direct endpoint found or covered through parent UI/service","Seeded company context, authorized test user, and valid Attendance data where applicable.","Open /Attendance/ApprovePermissionRequests; create or select a record in the required status; execute the workflow action linked to Attendance.Attendance.ApproveMidDayPermission; verify status, audit trail, downstream data, and unavailable invalid next actions.","Workflow transition succeeds only from valid state, updates visible status, and preserves permission and audit behavior.","Sign in as a user without Attendance.Attendance.ApproveMidDayPermission; menu/action must be hidden or disabled, and direct navigation/action must be denied.","Switch English/Arabic and verify labels, direction, validation messages, and action alignment remain usable.","","",""
"UAT-0259","Attendance and leave","Attendance","Create","Create","/Attendance/Sessions","Attendance.Attendance.Create","No direct endpoint found or covered through parent UI/service","Seeded company context, authorized test user, and valid Attendance data where applicable.","Open /Attendance/Sessions; click Add/New; enter valid required data; save; confirm success toast and new row/detail is visible; repeat with missing required data to verify validation.","Attendance is created only with valid data, visible in the UI, and persisted after reload.","Sign in as a user without Attendance.Attendance.Create; menu/action must be hidden or disabled, and direct navigation/action must be denied.","Switch English/Arabic and verify labels, direction, validation messages, and action alignment remain usable.","","",""
"UAT-0260","Attendance and leave","Attendance","Edit","Edit","/Attendance/ShiftAssignments","Attendance.Attendance.Edit","No direct endpoint found or covered through parent UI/service","Seeded company context, authorized test user, and valid Attendance data where applicable.","Open /Attendance/ShiftAssignments; select an existing record; edit allowed fields; save; verify success toast and persisted changes after refresh.","Attendance changes are saved, reloaded correctly, and validation prevents invalid updates.","Sign in as a user without Attendance.Attendance.Edit; menu/action must be hidden or disabled, and direct navigation/action must be denied.","Switch English/Arabic and verify labels, direction, validation messages, and action alignment remain usable.","","",""
"UAT-0264","Attendance and leave","Attendance","ManageConfiguration","General","/Attendance/ApprovePermissionRequests","Attendance.Attendance.ManageConfiguration","No direct endpoint found or covered through parent UI/service","Seeded company context, authorized test user, and valid Attendance data where applicable.","Open /Attendance/ApprovePermissionRequests; verify page loads; search/filter if available; inspect details; check pagination/sorting where present; verify empty-state and refresh behavior.","Attendance page/function is reachable, usable, permission-protected, and data is consistent with backend behavior.","Sign in as a user without Attendance.Attendance.ManageConfiguration; menu/action must be hidden or disabled, and direct navigation/action must be denied.","Switch English/Arabic and verify labels, direction, validation messages, and action alignment remain usable.","","",""
"UAT-0265","Attendance and leave","Attendance","ManageHolidays","General","/Attendance/PermissionRequests","Attendance.Attendance.ManageHolidays","No direct endpoint found or covered through parent UI/service","Seeded company context, authorized test user, and valid Attendance data where applicable.","Open /Attendance/PermissionRequests; verify page loads; search/filter if available; inspect details; check pagination/sorting where present; verify empty-state and refresh behavior.","Attendance page/function is reachable, usable, permission-protected, and data is consistent with backend behavior.","Sign in as a user without Attendance.Attendance.ManageHolidays; menu/action must be hidden or disabled, and direct navigation/action must be denied.","Switch English/Arabic and verify labels, direction, validation messages, and action alignment remain usable.","","",""
"UAT-0269","Attendance and leave","Attendance","ManageLeaveBalances","General","/Attendance/ApprovePermissionRequests","Attendance.Attendance.ManageLeaveBalances","No direct endpoint found or covered through parent UI/service","Seeded company context, authorized test user, and valid Attendance data where applicable.","Open /Attendance/ApprovePermissionRequests; verify page loads; search/filter if available; inspect details; check pagination/sorting where present; verify empty-state and refresh behavior.","Attendance page/function is reachable, usable, permission-protected, and data is consistent with backend behavior.","Sign in as a user without Attendance.Attendance.ManageLeaveBalances; menu/action must be hidden or disabled, and direct navigation/action must be denied.","Switch English/Arabic and verify labels, direction, validation messages, and action alignment remain usable.","","",""
"UAT-0266","Attendance and leave","Attendance","RequestEmergencyLeave","General","/LeavesManagement/EmergencyLeaves","Attendance.Attendance.RequestEmergencyLeave","No direct endpoint found or covered through parent UI/service","Seeded company context, authorized test user, and valid Attendance data where applicable.","Open /LeavesManagement/EmergencyLeaves; verify page loads; search/filter if available; inspect details; check pagination/sorting where present; verify empty-state and refresh behavior.","Attendance page/function is reachable, usable, permission-protected, and data is consistent with backend behavior.","Sign in as a user without Attendance.Attendance.RequestEmergencyLeave; menu/action must be hidden or disabled, and direct navigation/action must be denied.","Switch English/Arabic and verify labels, direction, validation messages, and action alignment remain usable.","","",""
"UAT-0271","Attendance and leave","Attendance","RequestMidDayPermission","General","/Attendance/ApprovePermissionRequests","Attendance.Attendance.RequestMidDayPermission","No direct endpoint found or covered through parent UI/service","Seeded company context, authorized test user, and valid Attendance data where applicable.","Open /Attendance/ApprovePermissionRequests; verify page loads; search/filter if available; inspect details; check pagination/sorting where present; verify empty-state and refresh behavior.","Attendance page/function is reachable, usable, permission-protected, and data is consistent with backend behavior.","Sign in as a user without Attendance.Attendance.RequestMidDayPermission; menu/action must be hidden or disabled, and direct navigation/action must be denied.","Switch English/Arabic and verify labels, direction, validation messages, and action alignment remain usable.","","",""
"UAT-0261","Attendance and leave","Attendance","ReviewRequests","View/List","/Attendance/Configuration","Attendance.Attendance.ReviewRequests","No direct endpoint found or covered through parent UI/service","Seeded company context, authorized test user, and valid Attendance data where applicable.","Open /Attendance/Configuration; verify page loads; search/filter if available; inspect details; check pagination/sorting where present; verify empty-state and refresh behavior.","Attendance page/function is reachable, usable, permission-protected, and data is consistent with backend behavior.","Sign in as a user without Attendance.Attendance.ReviewRequests; menu/action must be hidden or disabled, and direct navigation/action must be denied.","Switch English/Arabic and verify labels, direction, validation messages, and action alignment remain usable.","","",""
"UAT-0257","Attendance and leave","Attendance","Select","General","/Attendance/Dashboard","Attendance.Attendance.Select","No direct endpoint found or covered through parent UI/service","Seeded company context, authorized test user, and valid Attendance data where applicable.","Open /Attendance/Dashboard; verify page loads; search/filter if available; inspect details; check pagination/sorting where present; verify empty-state and refresh behavior.","Attendance page/function is reachable, usable, permission-protected, and data is consistent with backend behavior.","Sign in as a user without Attendance.Attendance.Select; menu/action must be hidden or disabled, and direct navigation/action must be denied.","Switch English/Arabic and verify labels, direction, validation messages, and action alignment remain usable.","","",""
"UAT-0258","Attendance and leave","Attendance","View","View/List","/Attendance/MyAttendance","Attendance.Attendance.View","No direct endpoint found or covered through parent UI/service","Seeded company context, authorized test user, and valid Attendance data where applicable.","Open /Attendance/MyAttendance; verify page loads; search/filter if available; inspect details; check pagination/sorting where present; verify empty-state and refresh behavior.","Attendance page/function is reachable, usable, permission-protected, and data is consistent with backend behavior.","Sign in as a user without Attendance.Attendance.View; menu/action must be hidden or disabled, and direct navigation/action must be denied.","Switch English/Arabic and verify labels, direction, validation messages, and action alignment remain usable.","","",""
"UAT-0273","Attendance and leave","Attendance","ViewAllReports","Report/Dashboard","/Attendance/ApprovePermissionRequests","Attendance.Attendance.ViewAllReports","No direct endpoint found or covered through parent UI/service","Seeded company context, authorized test user, and valid Attendance data where applicable.","Open /Attendance/ApprovePermissionRequests; verify widgets/table load; apply available filters/date range; compare totals with source records; verify empty-state behavior with filters that return no data.","Dashboard/report data loads, filters correctly, and matches underlying transactional records.","Sign in as a user without Attendance.Attendance.ViewAllReports; menu/action must be hidden or disabled, and direct navigation/action must be denied.","Switch English/Arabic and verify labels, direction, validation messages, and action alignment remain usable.","","",""
"UAT-0263","Attendance and leave","Attendance","ViewConfiguration","View/List","/Attendance/Holidays","Attendance.Attendance.ViewConfiguration","No direct endpoint found or covered through parent UI/service","Seeded company context, authorized test user, and valid Attendance data where applicable.","Open /Attendance/Holidays; verify page loads; search/filter if available; inspect details; check pagination/sorting where present; verify empty-state and refresh behavior.","Attendance page/function is reachable, usable, permission-protected, and data is consistent with backend behavior.","Sign in as a user without Attendance.Attendance.ViewConfiguration; menu/action must be hidden or disabled, and direct navigation/action must be denied.","Switch English/Arabic and verify labels, direction, validation messages, and action alignment remain usable.","","",""
"UAT-0268","Attendance and leave","Attendance","ViewLeaveBalances","View/List","/LeavesManagement/Reports","Attendance.Attendance.ViewLeaveBalances","No direct endpoint found or covered through parent UI/service","Seeded company context, authorized test user, and valid Attendance data where applicable.","Open /LeavesManagement/Reports; verify page loads; search/filter if available; inspect details; check pagination/sorting where present; verify empty-state and refresh behavior.","Attendance page/function is reachable, usable, permission-protected, and data is consistent with backend behavior.","Sign in as a user without Attendance.Attendance.ViewLeaveBalances; menu/action must be hidden or disabled, and direct navigation/action must be denied.","Switch English/Arabic and verify labels, direction, validation messages, and action alignment remain usable.","","",""
"UAT-0270","Attendance and leave","Attendance","ViewLeaveReports","Report/Dashboard","/Employee/Employee/360/{Id:guid}","Attendance.Attendance.ViewLeaveReports","No direct endpoint found or covered through parent UI/service","Seeded company context, authorized test user, and valid Attendance data where applicable.","Open /Employee/Employee/360/{Id:guid}; verify widgets/table load; apply available filters/date range; compare totals with source records; verify empty-state behavior with filters that return no data.","Dashboard/report data loads, filters correctly, and matches underlying transactional records.","Sign in as a user without Attendance.Attendance.ViewLeaveReports; menu/action must be hidden or disabled, and direct navigation/action must be denied.","Switch English/Arabic and verify labels, direction, validation messages, and action alignment remain usable.","","",""
"UAT-0262","Attendance and leave","Attendance","ViewReports","Report/Dashboard","/Attendance/Reports","Attendance.Attendance.ViewReports","No direct endpoint found or covered through parent UI/service","Seeded company context, authorized test user, and valid Attendance data where applicable.","Open /Attendance/Reports; verify widgets/table load; apply available filters/date range; compare totals with source records; verify empty-state behavior with filters that return no data.","Dashboard/report data loads, filters correctly, and matches underlying transactional records.","Sign in as a user without Attendance.Attendance.ViewReports; menu/action must be hidden or disabled, and direct navigation/action must be denied.","Switch English/Arabic and verify labels, direction, validation messages, and action alignment remain usable.","","",""
"UAT-0274","Attendance and leave","Attendance","ViewScopedReports","Report/Dashboard","/Attendance/ApprovePermissionRequests","Attendance.Attendance.ViewScopedReports","No direct endpoint found or covered through parent UI/service","Seeded company context, authorized test user, and valid Attendance data where applicable.","Open /Attendance/ApprovePermissionRequests; verify widgets/table load; apply available filters/date range; compare totals with source records; verify empty-state behavior with filters that return no data.","Dashboard/report data loads, filters correctly, and matches underlying transactional records.","Sign in as a user without Attendance.Attendance.ViewScopedReports; menu/action must be hidden or disabled, and direct navigation/action must be denied.","Switch English/Arabic and verify labels, direction, validation messages, and action alignment remain usable.","","",""
"UAT-0314","Attendance and leave","Break Report","Navigation/access","View/List","/Attendance/Reports/Break","PermissionList.AttendancePermissions.ViewReports","Menu route and page load","Authorized user has the menu permission and company/session context is selected.","Open sidebar/workspace menu; click Break Report; verify route /Attendance/Reports/Break loads without authorization or data errors.","Break Report is visible for authorized users and the target page loads successfully.","Remove the listed permission from the test role; menu item should be hidden and direct route should not expose data.","Switch English/Arabic and verify menu label, route page title, and layout direction.","","","Menu coverage row"
"UAT-0305","Attendance and leave","Configuration","Navigation/access","View/List","/Attendance/Configuration","PermissionList.AttendancePermissions.ReviewRequests","Menu route and page load","Authorized user has the menu permission and company/session context is selected.","Open sidebar/workspace menu; click Configuration; verify route /Attendance/Configuration loads without authorization or data errors.","Configuration is visible for authorized users and the target page loads successfully.","Remove the listed permission from the test role; menu item should be hidden and direct route should not expose data.","Switch English/Arabic and verify menu label, route page title, and layout direction.","","","Menu coverage row"
"UAT-0310","Attendance and leave","Daily Attendance Report","Navigation/access","View/List","/Attendance/Reports/Attendance","PermissionList.AttendancePermissions.ViewReports","Menu route and page load","Authorized user has the menu permission and company/session context is selected.","Open sidebar/workspace menu; click Daily Attendance Report; verify route /Attendance/Reports/Attendance loads without authorization or data errors.","Daily Attendance Report is visible for authorized users and the target page loads successfully.","Remove the listed permission from the test role; menu item should be hidden and direct route should not expose data.","Switch English/Arabic and verify menu label, route page title, and layout direction.","","","Menu coverage row"
"UAT-0299","Attendance and leave","Dashboard","Navigation/access","View/List","/Attendance/Dashboard","PermissionList.AttendancePermissions.Select","Menu route and page load","Authorized user has the menu permission and company/session context is selected.","Open sidebar/workspace menu; click Dashboard; verify route /Attendance/Dashboard loads without authorization or data errors.","Dashboard is visible for authorized users and the target page loads successfully.","Remove the listed permission from the test role; menu item should be hidden and direct route should not expose data.","Switch English/Arabic and verify menu label, route page title, and layout direction.","","","Menu coverage row"
"UAT-0313","Attendance and leave","Early Leave Report","Navigation/access","View/List","/Attendance/Reports/EarlyLeave","PermissionList.AttendancePermissions.ViewReports","Menu route and page load","Authorized user has the menu permission and company/session context is selected.","Open sidebar/workspace menu; click Early Leave Report; verify route /Attendance/Reports/EarlyLeave loads without authorization or data errors.","Early Leave Report is visible for authorized users and the target page loads successfully.","Remove the listed permission from the test role; menu item should be hidden and direct route should not expose data.","Switch English/Arabic and verify menu label, route page title, and layout direction.","","","Menu coverage row"
"UAT-0318","Attendance and leave","Emergency Leaves","Navigation/access","View/List","/LeavesManagement/EmergencyLeaves","PermissionList.AttendancePermissions.RequestEmergencyLeave","Menu route and page load","Authorized user has the menu permission and company/session context is selected.","Open sidebar/workspace menu; click Emergency Leaves; verify route /LeavesManagement/EmergencyLeaves loads without authorization or data errors.","Emergency Leaves is visible for authorized users and the target page loads successfully.","Remove the listed permission from the test role; menu item should be hidden and direct route should not expose data.","Switch English/Arabic and verify menu label, route page title, and layout direction.","","","Menu coverage row"
"UAT-0311","Attendance and leave","Employee Attendance Summary","Navigation/access","View/List","/Attendance/Reports/AttendanceSummary","PermissionList.AttendancePermissions.ViewReports","Menu route and page load","Authorized user has the menu permission and company/session context is selected.","Open sidebar/workspace menu; click Employee Attendance Summary; verify route /Attendance/Reports/AttendanceSummary loads without authorization or data errors.","Employee Attendance Summary is visible for authorized users and the target page loads successfully.","Remove the listed permission from the test role; menu item should be hidden and direct route should not expose data.","Switch English/Arabic and verify menu label, route page title, and layout direction.","","","Menu coverage row"
"UAT-0317","Attendance and leave","Holiday / Weekend Report","Navigation/access","View/List","/Attendance/Reports/HolidayWeekend","PermissionList.AttendancePermissions.ViewReports","Menu route and page load","Authorized user has the menu permission and company/session context is selected.","Open sidebar/workspace menu; click Holiday / Weekend Report; verify route /Attendance/Reports/HolidayWeekend loads without authorization or data errors.","Holiday / Weekend Report is visible for authorized users and the target page loads successfully.","Remove the listed permission from the test role; menu item should be hidden and direct route should not expose data.","Switch English/Arabic and verify menu label, route page title, and layout direction.","","","Menu coverage row"
"UAT-0306","Attendance and leave","Holidays","Navigation/access","View/List","/Attendance/Holidays","PermissionList.AttendancePermissions.ViewConfiguration","Menu route and page load","Authorized user has the menu permission and company/session context is selected.","Open sidebar/workspace menu; click Holidays; verify route /Attendance/Holidays loads without authorization or data errors.","Holidays is visible for authorized users and the target page loads successfully.","Remove the listed permission from the test role; menu item should be hidden and direct route should not expose data.","Switch English/Arabic and verify menu label, route page title, and layout direction.","","","Menu coverage row"
"UAT-0312","Attendance and leave","Late Arrival Report","Navigation/access","View/List","/Attendance/Reports/LateArrival","PermissionList.AttendancePermissions.ViewReports","Menu route and page load","Authorized user has the menu permission and company/session context is selected.","Open sidebar/workspace menu; click Late Arrival Report; verify route /Attendance/Reports/LateArrival loads without authorization or data errors.","Late Arrival Report is visible for authorized users and the target page loads successfully.","Remove the listed permission from the test role; menu item should be hidden and direct route should not expose data.","Switch English/Arabic and verify menu label, route page title, and layout direction.","","","Menu coverage row"
"UAT-0304","Attendance and leave","Late Requests","Navigation/access","View/List","/Attendance/LateRequests","PermissionList.AttendancePermissions.Edit","Menu route and page load","Authorized user has the menu permission and company/session context is selected.","Open sidebar/workspace menu; click Late Requests; verify route /Attendance/LateRequests loads without authorization or data errors.","Late Requests is visible for authorized users and the target page loads successfully.","Remove the listed permission from the test role; menu item should be hidden and direct route should not expose data.","Switch English/Arabic and verify menu label, route page title, and layout direction.","","","Menu coverage row"
"UAT-0320","Attendance and leave","Leave Balances","Navigation/access","View/List","/LeavesManagement/Balances","PermissionList.AttendancePermissions.ApproveEmergencyLeave","Menu route and page load","Authorized user has the menu permission and company/session context is selected.","Open sidebar/workspace menu; click Leave Balances; verify route /LeavesManagement/Balances loads without authorization or data errors.","Leave Balances is visible for authorized users and the target page loads successfully.","Remove the listed permission from the test role; menu item should be hidden and direct route should not expose data.","Switch English/Arabic and verify menu label, route page title, and layout direction.","","","Menu coverage row"
"UAT-0321","Attendance and leave","Leave Reports","Navigation/access","View/List","/LeavesManagement/Reports","PermissionList.AttendancePermissions.ViewLeaveBalances","Menu route and page load","Authorized user has the menu permission and company/session context is selected.","Open sidebar/workspace menu; click Leave Reports; verify route /LeavesManagement/Reports loads without authorization or data errors.","Leave Reports is visible for authorized users and the target page loads successfully.","Remove the listed permission from the test role; menu item should be hidden and direct route should not expose data.","Switch English/Arabic and verify menu label, route page title, and layout direction.","","","Menu coverage row"
"UAT-0300","Attendance and leave","My Attendance","Navigation/access","View/List","/Attendance/MyAttendance","PermissionList.AttendancePermissions.View","Menu route and page load","Authorized user has the menu permission and company/session context is selected.","Open sidebar/workspace menu; click My Attendance; verify route /Attendance/MyAttendance loads without authorization or data errors.","My Attendance is visible for authorized users and the target page loads successfully.","Remove the listed permission from the test role; menu item should be hidden and direct route should not expose data.","Switch English/Arabic and verify menu label, route page title, and layout direction.","","","Menu coverage row"
"UAT-0307","Attendance and leave","Permission Requests","Navigation/access","View/List","/Attendance/PermissionRequests","PermissionList.AttendancePermissions.ManageHolidays","Menu route and page load","Authorized user has the menu permission and company/session context is selected.","Open sidebar/workspace menu; click Permission Requests; verify route /Attendance/PermissionRequests loads without authorization or data errors.","Permission Requests is visible for authorized users and the target page loads successfully.","Remove the listed permission from the test role; menu item should be hidden and direct route should not expose data.","Switch English/Arabic and verify menu label, route page title, and layout direction.","","","Menu coverage row"
"UAT-0315","Attendance and leave","Permission Requests Report","Navigation/access","View/List","/Attendance/Reports/MidDayPermission","PermissionList.AttendancePermissions.ViewReports","Menu route and page load","Authorized user has the menu permission and company/session context is selected.","Open sidebar/workspace menu; click Permission Requests Report; verify route /Attendance/Reports/MidDayPermission loads without authorization or data errors.","Permission Requests Report is visible for authorized users and the target page loads successfully.","Remove the listed permission from the test role; menu item should be hidden and direct route should not expose data.","Switch English/Arabic and verify menu label, route page title, and layout direction.","","","Menu coverage row"
"UAT-0309","Attendance and leave","Reports Overview","Navigation/access","View/List","/Attendance/Reports","PermissionList.AttendancePermissions.ViewReports","Menu route and page load","Authorized user has the menu permission and company/session context is selected.","Open sidebar/workspace menu; click Reports Overview; verify route /Attendance/Reports loads without authorization or data errors.","Reports Overview is visible for authorized users and the target page loads successfully.","Remove the listed permission from the test role; menu item should be hidden and direct route should not expose data.","Switch English/Arabic and verify menu label, route page title, and layout direction.","","","Menu coverage row"
"UAT-0301","Attendance and leave","Sessions","Navigation/access","View/List","/Attendance/Sessions","PermissionList.AttendancePermissions.Create","Menu route and page load","Authorized user has the menu permission and company/session context is selected.","Open sidebar/workspace menu; click Sessions; verify route /Attendance/Sessions loads without authorization or data errors.","Sessions is visible for authorized users and the target page loads successfully.","Remove the listed permission from the test role; menu item should be hidden and direct route should not expose data.","Switch English/Arabic and verify menu label, route page title, and layout direction.","","","Menu coverage row"
"UAT-0303","Attendance and leave","Shift Assignments","Navigation/access","View/List","/Attendance/ShiftAssignments","PermissionList.AttendancePermissions.Edit","Menu route and page load","Authorized user has the menu permission and company/session context is selected.","Open sidebar/workspace menu; click Shift Assignments; verify route /Attendance/ShiftAssignments loads without authorization or data errors.","Shift Assignments is visible for authorized users and the target page loads successfully.","Remove the listed permission from the test role; menu item should be hidden and direct route should not expose data.","Switch English/Arabic and verify menu label, route page title, and layout direction.","","","Menu coverage row"
"UAT-0302","Attendance and leave","Shifts","Navigation/access","View/List","/Attendance/Shifts","PermissionList.AttendancePermissions.View","Menu route and page load","Authorized user has the menu permission and company/session context is selected.","Open sidebar/workspace menu; click Shifts; verify route /Attendance/Shifts loads without authorization or data errors.","Shifts is visible for authorized users and the target page loads successfully.","Remove the listed permission from the test role; menu item should be hidden and direct route should not expose data.","Switch English/Arabic and verify menu label, route page title, and layout direction.","","","Menu coverage row"
"UAT-0363","Auth and security","Assign User Roles","Navigation/access","View/List","/Auth/User/AssignRole","PermissionList.RolesPermissions.View","Menu route and page load","Authorized user has the menu permission and company/session context is selected.","Open sidebar/workspace menu; click Assign User Roles; verify route /Auth/User/AssignRole loads without authorization or data errors.","Assign User Roles is visible for authorized users and the target page loads successfully.","Remove the listed permission from the test role; menu item should be hidden and direct route should not expose data.","Switch English/Arabic and verify menu label, route page title, and layout direction.","","","Menu coverage row"
"UAT-0361","Auth and security","Dashboard","Navigation/access","View/List","/Auth/Dashboard","PermissionList.UsersPermissions.Select","Menu route and page load","Authorized user has the menu permission and company/session context is selected.","Open sidebar/workspace menu; click Dashboard; verify route /Auth/Dashboard loads without authorization or data errors.","Dashboard is visible for authorized users and the target page loads successfully.","Remove the listed permission from the test role; menu item should be hidden and direct route should not expose data.","Switch English/Arabic and verify menu label, route page title, and layout direction.","","","Menu coverage row"
"UAT-0008","Auth and security","Roles","Create","Workflow","/Auth/Role/Form","Authentication.Roles.Create","POST","Seeded company context, authorized test user, and valid Roles data where applicable.","Open /Auth/Role/Form; create or select a record in the required status; execute the workflow action linked to Authentication.Roles.Create; verify status, audit trail, downstream data, and unavailable invalid next actions.","Workflow transition succeeds only from valid state, updates visible status, and preserves permission and audit behavior.","Sign in as a user without Authentication.Roles.Create; menu/action must be hidden or disabled, and direct navigation/action must be denied.","Switch English/Arabic and verify labels, direction, validation messages, and action alignment remain usable.","","",""
"UAT-0010","Auth and security","Roles","Delete","Workflow","/Auth/User/AssignRole","Authentication.Roles.Delete","DELETE","Seeded company context, authorized test user, and valid Roles data where applicable.","Open /Auth/User/AssignRole; create or select a record in the required status; execute the workflow action linked to Authentication.Roles.Delete; verify status, audit trail, downstream data, and unavailable invalid next actions.","Workflow transition succeeds only from valid state, updates visible status, and preserves permission and audit behavior.","Sign in as a user without Authentication.Roles.Delete; menu/action must be hidden or disabled, and direct navigation/action must be denied.","Switch English/Arabic and verify labels, direction, validation messages, and action alignment remain usable.","","",""
"UAT-0009","Auth and security","Roles","Edit","Edit","/User/ForgetPassword","Authentication.Roles.Edit","No direct endpoint found or covered through parent UI/service","Seeded company context, authorized test user, and valid Roles data where applicable.","Open /User/ForgetPassword; select an existing record; edit allowed fields; save; verify success toast and persisted changes after refresh.","Roles changes are saved, reloaded correctly, and validation prevents invalid updates.","Sign in as a user without Authentication.Roles.Edit; menu/action must be hidden or disabled, and direct navigation/action must be denied.","Switch English/Arabic and verify labels, direction, validation messages, and action alignment remain usable.","","",""
"UAT-0006","Auth and security","Roles","Select","General","/User/ForgetPassword","Authentication.Roles.Select","No direct endpoint found or covered through parent UI/service","Seeded company context, authorized test user, and valid Roles data where applicable.","Open /User/ForgetPassword; verify page loads; search/filter if available; inspect details; check pagination/sorting where present; verify empty-state and refresh behavior.","Roles page/function is reachable, usable, permission-protected, and data is consistent with backend behavior.","Sign in as a user without Authentication.Roles.Select; menu/action must be hidden or disabled, and direct navigation/action must be denied.","Switch English/Arabic and verify labels, direction, validation messages, and action alignment remain usable.","","",""
"UAT-0007","Auth and security","Roles","View","Workflow","/Auth/User/AssignRole","Authentication.Roles.View","GET","Seeded company context, authorized test user, and valid Roles data where applicable.","Open /Auth/User/AssignRole; create or select a record in the required status; execute the workflow action linked to Authentication.Roles.View; verify status, audit trail, downstream data, and unavailable invalid next actions.","Workflow transition succeeds only from valid state, updates visible status, and preserves permission and audit behavior.","Sign in as a user without Authentication.Roles.View; menu/action must be hidden or disabled, and direct navigation/action must be denied.","Switch English/Arabic and verify labels, direction, validation messages, and action alignment remain usable.","","",""
"UAT-0362","Auth and security","Roles Management","Navigation/access","View/List","/Auth/Role/List","PermissionList.UsersPermissions.Select","Menu route and page load","Authorized user has the menu permission and company/session context is selected.","Open sidebar/workspace menu; click Roles Management; verify route /Auth/Role/List loads without authorization or data errors.","Roles Management is visible for authorized users and the target page loads successfully.","Remove the listed permission from the test role; menu item should be hidden and direct route should not expose data.","Switch English/Arabic and verify menu label, route page title, and layout direction.","","","Menu coverage row"
"UAT-0003","Auth and security","Users","Create","Workflow","/User/ForgetPassword","Authentication.Users.Create","POST","Seeded company context, authorized test user, and valid Users data where applicable.","Open /User/ForgetPassword; create or select a record in the required status; execute the workflow action linked to Authentication.Users.Create; verify status, audit trail, downstream data, and unavailable invalid next actions.","Workflow transition succeeds only from valid state, updates visible status, and preserves permission and audit behavior.","Sign in as a user without Authentication.Users.Create; menu/action must be hidden or disabled, and direct navigation/action must be denied.","Switch English/Arabic and verify labels, direction, validation messages, and action alignment remain usable.","","",""
"UAT-0005","Auth and security","Users","Delete","Workflow","/User/ForgetPassword","Authentication.Users.Delete","POST","Seeded company context, authorized test user, and valid Users data where applicable.","Open /User/ForgetPassword; create or select a record in the required status; execute the workflow action linked to Authentication.Users.Delete; verify status, audit trail, downstream data, and unavailable invalid next actions.","Workflow transition succeeds only from valid state, updates visible status, and preserves permission and audit behavior.","Sign in as a user without Authentication.Users.Delete; menu/action must be hidden or disabled, and direct navigation/action must be denied.","Switch English/Arabic and verify labels, direction, validation messages, and action alignment remain usable.","","",""
"UAT-0004","Auth and security","Users","Edit","Edit","/User/ForgetPassword","Authentication.Users.Edit","No direct endpoint found or covered through parent UI/service","Seeded company context, authorized test user, and valid Users data where applicable.","Open /User/ForgetPassword; select an existing record; edit allowed fields; save; verify success toast and persisted changes after refresh.","Users changes are saved, reloaded correctly, and validation prevents invalid updates.","Sign in as a user without Authentication.Users.Edit; menu/action must be hidden or disabled, and direct navigation/action must be denied.","Switch English/Arabic and verify labels, direction, validation messages, and action alignment remain usable.","","",""
"UAT-0001","Auth and security","Users","Select","General","/Auth/Dashboard","Authentication.Users.Select","No direct endpoint found or covered through parent UI/service","Seeded company context, authorized test user, and valid Users data where applicable.","Open /Auth/Dashboard; verify page loads; search/filter if available; inspect details; check pagination/sorting where present; verify empty-state and refresh behavior.","Users page/function is reachable, usable, permission-protected, and data is consistent with backend behavior.","Sign in as a user without Authentication.Users.Select; menu/action must be hidden or disabled, and direct navigation/action must be denied.","Switch English/Arabic and verify labels, direction, validation messages, and action alignment remain usable.","","",""
"UAT-0002","Auth and security","Users","View","Workflow","/GeneralSettings/SystemSettings","Authentication.Users.View","GET","Seeded company context, authorized test user, and valid Users data where applicable.","Open /GeneralSettings/SystemSettings; create or select a record in the required status; execute the workflow action linked to Authentication.Users.View; verify status, audit trail, downstream data, and unavailable invalid next actions.","Workflow transition succeeds only from valid state, updates visible status, and preserves permission and audit behavior.","Sign in as a user without Authentication.Users.View; menu/action must be hidden or disabled, and direct navigation/action must be denied.","Switch English/Arabic and verify labels, direction, validation messages, and action alignment remain usable.","","",""
"UAT-0063","Catalog and pricing","Brand","Create","Workflow","/Warehouse/Product/Brand/List","Catalog.Brand.Create","POST","Seeded company context, authorized test user, and valid Brand data where applicable.","Open /Warehouse/Product/Brand/List; create or select a record in the required status; execute the workflow action linked to Catalog.Brand.Create; verify status, audit trail, downstream data, and unavailable invalid next actions.","Workflow transition succeeds only from valid state, updates visible status, and preserves permission and audit behavior.","Sign in as a user without Catalog.Brand.Create; menu/action must be hidden or disabled, and direct navigation/action must be denied.","Switch English/Arabic and verify labels, direction, validation messages, and action alignment remain usable.","","",""
"UAT-0065","Catalog and pricing","Brand","Delete","Workflow","/Warehouse/Product/Brand/List","Catalog.Brand.Delete","DELETE","Seeded company context, authorized test user, and valid Brand data where applicable.","Open /Warehouse/Product/Brand/List; create or select a record in the required status; execute the workflow action linked to Catalog.Brand.Delete; verify status, audit trail, downstream data, and unavailable invalid next actions.","Workflow transition succeeds only from valid state, updates visible status, and preserves permission and audit behavior.","Sign in as a user without Catalog.Brand.Delete; menu/action must be hidden or disabled, and direct navigation/action must be denied.","Switch English/Arabic and verify labels, direction, validation messages, and action alignment remain usable.","","",""
"UAT-0064","Catalog and pricing","Brand","Edit","Workflow","/Warehouse/Product/Brand/List","Catalog.Brand.Edit","PUT","Seeded company context, authorized test user, and valid Brand data where applicable.","Open /Warehouse/Product/Brand/List; create or select a record in the required status; execute the workflow action linked to Catalog.Brand.Edit; verify status, audit trail, downstream data, and unavailable invalid next actions.","Workflow transition succeeds only from valid state, updates visible status, and preserves permission and audit behavior.","Sign in as a user without Catalog.Brand.Edit; menu/action must be hidden or disabled, and direct navigation/action must be denied.","Switch English/Arabic and verify labels, direction, validation messages, and action alignment remain usable.","","",""
"UAT-0333","Catalog and pricing","Brand","Navigation/access","View/List","/Warehouse/Product/Brand/List","PermissionList.ProductPackagePermissions.View","Menu route and page load","Authorized user has the menu permission and company/session context is selected.","Open sidebar/workspace menu; click Brand; verify route /Warehouse/Product/Brand/List loads without authorization or data errors.","Brand is visible for authorized users and the target page loads successfully.","Remove the listed permission from the test role; menu item should be hidden and direct route should not expose data.","Switch English/Arabic and verify menu label, route page title, and layout direction.","","","Menu coverage row"
"UAT-0061","Catalog and pricing","Brand","Select","General","/Warehouse/Product/Dashboard","Catalog.Brand.Select","No direct endpoint found or covered through parent UI/service","Seeded company context, authorized test user, and valid Brand data where applicable.","Open /Warehouse/Product/Dashboard; verify page loads; search/filter if available; inspect details; check pagination/sorting where present; verify empty-state and refresh behavior.","Brand page/function is reachable, usable, permission-protected, and data is consistent with backend behavior.","Sign in as a user without Catalog.Brand.Select; menu/action must be hidden or disabled, and direct navigation/action must be denied.","Switch English/Arabic and verify labels, direction, validation messages, and action alignment remain usable.","","",""
"UAT-0062","Catalog and pricing","Brand","View","Workflow","/Warehouse/Product/Category/List","Catalog.Brand.View","GET","Seeded company context, authorized test user, and valid Brand data where applicable.","Open /Warehouse/Product/Category/List; create or select a record in the required status; execute the workflow action linked to Catalog.Brand.View; verify status, audit trail, downstream data, and unavailable invalid next actions.","Workflow transition succeeds only from valid state, updates visible status, and preserves permission and audit behavior.","Sign in as a user without Catalog.Brand.View; menu/action must be hidden or disabled, and direct navigation/action must be denied.","Switch English/Arabic and verify labels, direction, validation messages, and action alignment remain usable.","","",""
"UAT-0334","Catalog and pricing","Categories","Navigation/access","View/List","/Warehouse/Product/Category/List","PermissionList.BrandPermissions.View","Menu route and page load","Authorized user has the menu permission and company/session context is selected.","Open sidebar/workspace menu; click Categories; verify route /Warehouse/Product/Category/List loads without authorization or data errors.","Categories is visible for authorized users and the target page loads successfully.","Remove the listed permission from the test role; menu item should be hidden and direct route should not expose data.","Switch English/Arabic and verify menu label, route page title, and layout direction.","","","Menu coverage row"
"UAT-0058","Catalog and pricing","Category","Create","Workflow","/Warehouse/Product/Category/List","Catalog.Category.Create","POST","Seeded company context, authorized test user, and valid Category data where applicable.","Open /Warehouse/Product/Category/List; create or select a record in the required status; execute the workflow action linked to Catalog.Category.Create; verify status, audit trail, downstream data, and unavailable invalid next actions.","Workflow transition succeeds only from valid state, updates visible status, and preserves permission and audit behavior.","Sign in as a user without Catalog.Category.Create; menu/action must be hidden or disabled, and direct navigation/action must be denied.","Switch English/Arabic and verify labels, direction, validation messages, and action alignment remain usable.","","",""
"UAT-0060","Catalog and pricing","Category","Delete","Workflow","/Warehouse/Product/Category/List","Catalog.Category.Delete","DELETE","Seeded company context, authorized test user, and valid Category data where applicable.","Open /Warehouse/Product/Category/List; create or select a record in the required status; execute the workflow action linked to Catalog.Category.Delete; verify status, audit trail, downstream data, and unavailable invalid next actions.","Workflow transition succeeds only from valid state, updates visible status, and preserves permission and audit behavior.","Sign in as a user without Catalog.Category.Delete; menu/action must be hidden or disabled, and direct navigation/action must be denied.","Switch English/Arabic and verify labels, direction, validation messages, and action alignment remain usable.","","",""
"UAT-0059","Catalog and pricing","Category","Edit","Workflow","/Warehouse/Product/Category/List","Catalog.Category.Edit","PUT","Seeded company context, authorized test user, and valid Category data where applicable.","Open /Warehouse/Product/Category/List; create or select a record in the required status; execute the workflow action linked to Catalog.Category.Edit; verify status, audit trail, downstream data, and unavailable invalid next actions.","Workflow transition succeeds only from valid state, updates visible status, and preserves permission and audit behavior.","Sign in as a user without Catalog.Category.Edit; menu/action must be hidden or disabled, and direct navigation/action must be denied.","Switch English/Arabic and verify labels, direction, validation messages, and action alignment remain usable.","","",""
"UAT-0056","Catalog and pricing","Category","Select","General","/Warehouse/Product/Dashboard","Catalog.Category.Select","No direct endpoint found or covered through parent UI/service","Seeded company context, authorized test user, and valid Category data where applicable.","Open /Warehouse/Product/Dashboard; verify page loads; search/filter if available; inspect details; check pagination/sorting where present; verify empty-state and refresh behavior.","Category page/function is reachable, usable, permission-protected, and data is consistent with backend behavior.","Sign in as a user without Catalog.Category.Select; menu/action must be hidden or disabled, and direct navigation/action must be denied.","Switch English/Arabic and verify labels, direction, validation messages, and action alignment remain usable.","","",""
"UAT-0057","Catalog and pricing","Category","View","Workflow","/Warehouse/Product/Unit/List","Catalog.Category.View","GET","Seeded company context, authorized test user, and valid Category data where applicable.","Open /Warehouse/Product/Unit/List; create or select a record in the required status; execute the workflow action linked to Catalog.Category.View; verify status, audit trail, downstream data, and unavailable invalid next actions.","Workflow transition succeeds only from valid state, updates visible status, and preserves permission and audit behavior.","Sign in as a user without Catalog.Category.View; menu/action must be hidden or disabled, and direct navigation/action must be denied.","Switch English/Arabic and verify labels, direction, validation messages, and action alignment remain usable.","","",""
"UAT-0327","Catalog and pricing","Dashboard","Navigation/access","View/List","/Warehouse/Product/Dashboard","PermissionList.ProductPermissions.Select","Menu route and page load","Authorized user has the menu permission and company/session context is selected.","Open sidebar/workspace menu; click Dashboard; verify route /Warehouse/Product/Dashboard loads without authorization or data errors.","Dashboard is visible for authorized users and the target page loads successfully.","Remove the listed permission from the test role; menu item should be hidden and direct route should not expose data.","Switch English/Arabic and verify menu label, route page title, and layout direction.","","","Menu coverage row"
"UAT-0332","Catalog and pricing","Pakcages","Navigation/access","View/List","/Warehouse/Product/Packages/List","PermissionList.VariantPermissions.View","Menu route and page load","Authorized user has the menu permission and company/session context is selected.","Open sidebar/workspace menu; click Pakcages; verify route /Warehouse/Product/Packages/List loads without authorization or data errors.","Pakcages is visible for authorized users and the target page loads successfully.","Remove the listed permission from the test role; menu item should be hidden and direct route should not expose data.","Switch English/Arabic and verify menu label, route page title, and layout direction.","","","Menu coverage row"
"UAT-0159","Catalog and pricing","PriceList","Create","Workflow","/Catalog/Pricing/List","Pricing.PriceList.Create","POST","Seeded company context, authorized test user, and valid PriceList data where applicable.","Open /Catalog/Pricing/List; create or select a record in the required status; execute the workflow action linked to Pricing.PriceList.Create; verify status, audit trail, downstream data, and unavailable invalid next actions.","Workflow transition succeeds only from valid state, updates visible status, and preserves permission and audit behavior.","Sign in as a user without Pricing.PriceList.Create; menu/action must be hidden or disabled, and direct navigation/action must be denied.","Switch English/Arabic and verify labels, direction, validation messages, and action alignment remain usable.","","",""
"UAT-0161","Catalog and pricing","PriceList","Delete","Delete","/Catalog/Pricing/List","Pricing.PriceList.Delete","No direct endpoint found or covered through parent UI/service","Seeded company context, authorized test user, and valid PriceList data where applicable.","Open /Catalog/Pricing/List; select a disposable test record; choose Delete/Remove; confirm dialog; verify record is removed or marked inactive and cannot be selected where inappropriate.","PriceList deletion/removal follows the product rule and no deleted item remains actionable.","Sign in as a user without Pricing.PriceList.Delete; menu/action must be hidden or disabled, and direct navigation/action must be denied.","Switch English/Arabic and verify labels, direction, validation messages, and action alignment remain usable.","","",""
"UAT-0160","Catalog and pricing","PriceList","Edit","Workflow","/Catalog/Pricing/List","Pricing.PriceList.Edit","PUT","Seeded company context, authorized test user, and valid PriceList data where applicable.","Open /Catalog/Pricing/List; create or select a record in the required status; execute the workflow action linked to Pricing.PriceList.Edit; verify status, audit trail, downstream data, and unavailable invalid next actions.","Workflow transition succeeds only from valid state, updates visible status, and preserves permission and audit behavior.","Sign in as a user without Pricing.PriceList.Edit; menu/action must be hidden or disabled, and direct navigation/action must be denied.","Switch English/Arabic and verify labels, direction, validation messages, and action alignment remain usable.","","",""
"UAT-0157","Catalog and pricing","PriceList","Select","View/List","/Warehouse/Product/Dashboard","Pricing.PriceList.Select","No direct endpoint found or covered through parent UI/service","Seeded company context, authorized test user, and valid PriceList data where applicable.","Open /Warehouse/Product/Dashboard; verify page loads; search/filter if available; inspect details; check pagination/sorting where present; verify empty-state and refresh behavior.","PriceList page/function is reachable, usable, permission-protected, and data is consistent with backend behavior.","Sign in as a user without Pricing.PriceList.Select; menu/action must be hidden or disabled, and direct navigation/action must be denied.","Switch English/Arabic and verify labels, direction, validation messages, and action alignment remain usable.","","",""
"UAT-0158","Catalog and pricing","PriceList","View","Workflow","/Catalog/Product/ProductSku/List","Pricing.PriceList.View","GET","Seeded company context, authorized test user, and valid PriceList data where applicable.","Open /Catalog/Product/ProductSku/List; create or select a record in the required status; execute the workflow action linked to Pricing.PriceList.View; verify status, audit trail, downstream data, and unavailable invalid next actions.","Workflow transition succeeds only from valid state, updates visible status, and preserves permission and audit behavior.","Sign in as a user without Pricing.PriceList.View; menu/action must be hidden or disabled, and direct navigation/action must be denied.","Switch English/Arabic and verify labels, direction, validation messages, and action alignment remain usable.","","",""
"UAT-0328","Catalog and pricing","Pricing List","Navigation/access","View/List","/Catalog/Pricing/List","PermissionList.ProductPermissions.Select","Menu route and page load","Authorized user has the menu permission and company/session context is selected.","Open sidebar/workspace menu; click Pricing List; verify route /Catalog/Pricing/List loads without authorization or data errors.","Pricing List is visible for authorized users and the target page loads successfully.","Remove the listed permission from the test role; menu item should be hidden and direct route should not expose data.","Switch English/Arabic and verify menu label, route page title, and layout direction.","","","Menu coverage row"
"UAT-0078","Catalog and pricing","Product","Create","Workflow","/Catalog/Product/List","Catalog.Product.Create","POST","Seeded company context, authorized test user, and valid Product data where applicable.","Open /Catalog/Product/List; create or select a record in the required status; execute the workflow action linked to Catalog.Product.Create; verify status, audit trail, downstream data, and unavailable invalid next actions.","Workflow transition succeeds only from valid state, updates visible status, and preserves permission and audit behavior.","Sign in as a user without Catalog.Product.Create; menu/action must be hidden or disabled, and direct navigation/action must be denied.","Switch English/Arabic and verify labels, direction, validation messages, and action alignment remain usable.","","",""
"UAT-0080","Catalog and pricing","Product","Delete","Workflow","/Catalog/Product/List","Catalog.Product.Delete","DELETE","Seeded company context, authorized test user, and valid Product data where applicable.","Open /Catalog/Product/List; create or select a record in the required status; execute the workflow action linked to Catalog.Product.Delete; verify status, audit trail, downstream data, and unavailable invalid next actions.","Workflow transition succeeds only from valid state, updates visible status, and preserves permission and audit behavior.","Sign in as a user without Catalog.Product.Delete; menu/action must be hidden or disabled, and direct navigation/action must be denied.","Switch English/Arabic and verify labels, direction, validation messages, and action alignment remain usable.","","",""
"UAT-0079","Catalog and pricing","Product","Edit","Workflow","/Catalog/Product/List","Catalog.Product.Edit","PUT","Seeded company context, authorized test user, and valid Product data where applicable.","Open /Catalog/Product/List; create or select a record in the required status; execute the workflow action linked to Catalog.Product.Edit; verify status, audit trail, downstream data, and unavailable invalid next actions.","Workflow transition succeeds only from valid state, updates visible status, and preserves permission and audit behavior.","Sign in as a user without Catalog.Product.Edit; menu/action must be hidden or disabled, and direct navigation/action must be denied.","Switch English/Arabic and verify labels, direction, validation messages, and action alignment remain usable.","","",""
"UAT-0076","Catalog and pricing","Product","Select","Workflow","/Warehouse/Product/Dashboard","Catalog.Product.Select","GET","Seeded company context, authorized test user, and valid Product data where applicable.","Open /Warehouse/Product/Dashboard; create or select a record in the required status; execute the workflow action linked to Catalog.Product.Select; verify status, audit trail, downstream data, and unavailable invalid next actions.","Workflow transition succeeds only from valid state, updates visible status, and preserves permission and audit behavior.","Sign in as a user without Catalog.Product.Select; menu/action must be hidden or disabled, and direct navigation/action must be denied.","Switch English/Arabic and verify labels, direction, validation messages, and action alignment remain usable.","","",""
"UAT-0077","Catalog and pricing","Product","View","View/List","/Catalog/Product/List","Catalog.Product.View","GET/POST","Seeded company context, authorized test user, and valid Product data where applicable.","Open /Catalog/Product/List; verify page loads; search/filter if available; inspect details; check pagination/sorting where present; verify empty-state and refresh behavior.","Product page/function is reachable, usable, permission-protected, and data is consistent with backend behavior.","Sign in as a user without Catalog.Product.View; menu/action must be hidden or disabled, and direct navigation/action must be denied.","Switch English/Arabic and verify labels, direction, validation messages, and action alignment remain usable.","","",""
"UAT-0331","Catalog and pricing","Product Options","Navigation/access","View/List","/Catalog/Variant/List","PermissionList.ProductPermissions.View","Menu route and page load","Authorized user has the menu permission and company/session context is selected.","Open sidebar/workspace menu; click Product Options; verify route /Catalog/Variant/List loads without authorization or data errors.","Product Options is visible for authorized users and the target page loads successfully.","Remove the listed permission from the test role; menu item should be hidden and direct route should not expose data.","Switch English/Arabic and verify menu label, route page title, and layout direction.","","","Menu coverage row"
"UAT-0083","Catalog and pricing","ProductPackage","Create","Workflow","/Warehouse/Product/Packages/List","Catalog.ProductPackage.Create","POST","Seeded company context, authorized test user, and valid ProductPackage data where applicable.","Open /Warehouse/Product/Packages/List; create or select a record in the required status; execute the workflow action linked to Catalog.ProductPackage.Create; verify status, audit trail, downstream data, and unavailable invalid next actions.","Workflow transition succeeds only from valid state, updates visible status, and preserves permission and audit behavior.","Sign in as a user without Catalog.ProductPackage.Create; menu/action must be hidden or disabled, and direct navigation/action must be denied.","Switch English/Arabic and verify labels, direction, validation messages, and action alignment remain usable.","","",""
"UAT-0085","Catalog and pricing","ProductPackage","Delete","Workflow","/Warehouse/Product/Packages/List","Catalog.ProductPackage.Delete","DELETE","Seeded company context, authorized test user, and valid ProductPackage data where applicable.","Open /Warehouse/Product/Packages/List; create or select a record in the required status; execute the workflow action linked to Catalog.ProductPackage.Delete; verify status, audit trail, downstream data, and unavailable invalid next actions.","Workflow transition succeeds only from valid state, updates visible status, and preserves permission and audit behavior.","Sign in as a user without Catalog.ProductPackage.Delete; menu/action must be hidden or disabled, and direct navigation/action must be denied.","Switch English/Arabic and verify labels, direction, validation messages, and action alignment remain usable.","","",""
"UAT-0084","Catalog and pricing","ProductPackage","Edit","Workflow","/Warehouse/Product/Packages/List","Catalog.ProductPackage.Edit","PUT","Seeded company context, authorized test user, and valid ProductPackage data where applicable.","Open /Warehouse/Product/Packages/List; create or select a record in the required status; execute the workflow action linked to Catalog.ProductPackage.Edit; verify status, audit trail, downstream data, and unavailable invalid next actions.","Workflow transition succeeds only from valid state, updates visible status, and preserves permission and audit behavior.","Sign in as a user without Catalog.ProductPackage.Edit; menu/action must be hidden or disabled, and direct navigation/action must be denied.","Switch English/Arabic and verify labels, direction, validation messages, and action alignment remain usable.","","",""
"UAT-0081","Catalog and pricing","ProductPackage","Select","General","/Warehouse/Product/Dashboard","Catalog.ProductPackage.Select","No direct endpoint found or covered through parent UI/service","Seeded company context, authorized test user, and valid ProductPackage data where applicable.","Open /Warehouse/Product/Dashboard; verify page loads; search/filter if available; inspect details; check pagination/sorting where present; verify empty-state and refresh behavior.","ProductPackage page/function is reachable, usable, permission-protected, and data is consistent with backend behavior.","Sign in as a user without Catalog.ProductPackage.Select; menu/action must be hidden or disabled, and direct navigation/action must be denied.","Switch English/Arabic and verify labels, direction, validation messages, and action alignment remain usable.","","",""
"UAT-0082","Catalog and pricing","ProductPackage","View","Workflow","/Warehouse/Product/Brand/List","Catalog.ProductPackage.View","GET","Seeded company context, authorized test user, and valid ProductPackage data where applicable.","Open /Warehouse/Product/Brand/List; create or select a record in the required status; execute the workflow action linked to Catalog.ProductPackage.View; verify status, audit trail, downstream data, and unavailable invalid next actions.","Workflow transition succeeds only from valid state, updates visible status, and preserves permission and audit behavior.","Sign in as a user without Catalog.ProductPackage.View; menu/action must be hidden or disabled, and direct navigation/action must be denied.","Switch English/Arabic and verify labels, direction, validation messages, and action alignment remain usable.","","",""
"UAT-0330","Catalog and pricing","Products","Navigation/access","View/List","/Catalog/Product/List","PermissionList.ProductPermissions.View","Menu route and page load","Authorized user has the menu permission and company/session context is selected.","Open sidebar/workspace menu; click Products; verify route /Catalog/Product/List loads without authorization or data errors.","Products is visible for authorized users and the target page loads successfully.","Remove the listed permission from the test role; menu item should be hidden and direct route should not expose data.","Switch English/Arabic and verify menu label, route page title, and layout direction.","","","Menu coverage row"
"UAT-0329","Catalog and pricing","SKU","Navigation/access","View/List","/Catalog/Product/ProductSku/List","PermissionList.PricingPermissions.View","Menu route and page load","Authorized user has the menu permission and company/session context is selected.","Open sidebar/workspace menu; click SKU; verify route /Catalog/Product/ProductSku/List loads without authorization or data errors.","SKU is visible for authorized users and the target page loads successfully.","Remove the listed permission from the test role; menu item should be hidden and direct route should not expose data.","Switch English/Arabic and verify menu label, route page title, and layout direction.","","","Menu coverage row"
"UAT-0068","Catalog and pricing","Unit","Create","Workflow","/Warehouse/Product/Unit/List","Catalog.Unit.Create","POST","Seeded company context, authorized test user, and valid Unit data where applicable.","Open /Warehouse/Product/Unit/List; create or select a record in the required status; execute the workflow action linked to Catalog.Unit.Create; verify status, audit trail, downstream data, and unavailable invalid next actions.","Workflow transition succeeds only from valid state, updates visible status, and preserves permission and audit behavior.","Sign in as a user without Catalog.Unit.Create; menu/action must be hidden or disabled, and direct navigation/action must be denied.","Switch English/Arabic and verify labels, direction, validation messages, and action alignment remain usable.","","",""
"UAT-0070","Catalog and pricing","Unit","Delete","Workflow","/Warehouse/Product/Unit/List","Catalog.Unit.Delete","DELETE","Seeded company context, authorized test user, and valid Unit data where applicable.","Open /Warehouse/Product/Unit/List; create or select a record in the required status; execute the workflow action linked to Catalog.Unit.Delete; verify status, audit trail, downstream data, and unavailable invalid next actions.","Workflow transition succeeds only from valid state, updates visible status, and preserves permission and audit behavior.","Sign in as a user without Catalog.Unit.Delete; menu/action must be hidden or disabled, and direct navigation/action must be denied.","Switch English/Arabic and verify labels, direction, validation messages, and action alignment remain usable.","","",""
"UAT-0069","Catalog and pricing","Unit","Edit","Workflow","/Warehouse/Product/Unit/List","Catalog.Unit.Edit","PUT","Seeded company context, authorized test user, and valid Unit data where applicable.","Open /Warehouse/Product/Unit/List; create or select a record in the required status; execute the workflow action linked to Catalog.Unit.Edit; verify status, audit trail, downstream data, and unavailable invalid next actions.","Workflow transition succeeds only from valid state, updates visible status, and preserves permission and audit behavior.","Sign in as a user without Catalog.Unit.Edit; menu/action must be hidden or disabled, and direct navigation/action must be denied.","Switch English/Arabic and verify labels, direction, validation messages, and action alignment remain usable.","","",""
"UAT-0066","Catalog and pricing","Unit","Select","General","/Warehouse/Product/Dashboard","Catalog.Unit.Select","No direct endpoint found or covered through parent UI/service","Seeded company context, authorized test user, and valid Unit data where applicable.","Open /Warehouse/Product/Dashboard; verify page loads; search/filter if available; inspect details; check pagination/sorting where present; verify empty-state and refresh behavior.","Unit page/function is reachable, usable, permission-protected, and data is consistent with backend behavior.","Sign in as a user without Catalog.Unit.Select; menu/action must be hidden or disabled, and direct navigation/action must be denied.","Switch English/Arabic and verify labels, direction, validation messages, and action alignment remain usable.","","",""
"UAT-0067","Catalog and pricing","Unit","View","Workflow","/Warehouse/Product/Unit/List","Catalog.Unit.View","GET","Seeded company context, authorized test user, and valid Unit data where applicable.","Open /Warehouse/Product/Unit/List; create or select a record in the required status; execute the workflow action linked to Catalog.Unit.View; verify status, audit trail, downstream data, and unavailable invalid next actions.","Workflow transition succeeds only from valid state, updates visible status, and preserves permission and audit behavior.","Sign in as a user without Catalog.Unit.View; menu/action must be hidden or disabled, and direct navigation/action must be denied.","Switch English/Arabic and verify labels, direction, validation messages, and action alignment remain usable.","","",""
"UAT-0335","Catalog and pricing","Units","Navigation/access","View/List","/Warehouse/Product/Unit/List","PermissionList.CategoryPermissions.View","Menu route and page load","Authorized user has the menu permission and company/session context is selected.","Open sidebar/workspace menu; click Units; verify route /Warehouse/Product/Unit/List loads without authorization or data errors.","Units is visible for authorized users and the target page loads successfully.","Remove the listed permission from the test role; menu item should be hidden and direct route should not expose data.","Switch English/Arabic and verify menu label, route page title, and layout direction.","","","Menu coverage row"
"UAT-0073","Catalog and pricing","Variant","Create","Workflow","/Catalog/Variant/List","Catalog.Variant.Create","POST","Seeded company context, authorized test user, and valid Variant data where applicable.","Open /Catalog/Variant/List; create or select a record in the required status; execute the workflow action linked to Catalog.Variant.Create; verify status, audit trail, downstream data, and unavailable invalid next actions.","Workflow transition succeeds only from valid state, updates visible status, and preserves permission and audit behavior.","Sign in as a user without Catalog.Variant.Create; menu/action must be hidden or disabled, and direct navigation/action must be denied.","Switch English/Arabic and verify labels, direction, validation messages, and action alignment remain usable.","","",""
"UAT-0075","Catalog and pricing","Variant","Delete","Workflow","/Catalog/Variant/List","Catalog.Variant.Delete","DELETE","Seeded company context, authorized test user, and valid Variant data where applicable.","Open /Catalog/Variant/List; create or select a record in the required status; execute the workflow action linked to Catalog.Variant.Delete; verify status, audit trail, downstream data, and unavailable invalid next actions.","Workflow transition succeeds only from valid state, updates visible status, and preserves permission and audit behavior.","Sign in as a user without Catalog.Variant.Delete; menu/action must be hidden or disabled, and direct navigation/action must be denied.","Switch English/Arabic and verify labels, direction, validation messages, and action alignment remain usable.","","",""
"UAT-0074","Catalog and pricing","Variant","Edit","Workflow","/Catalog/Variant/List","Catalog.Variant.Edit","PUT","Seeded company context, authorized test user, and valid Variant data where applicable.","Open /Catalog/Variant/List; create or select a record in the required status; execute the workflow action linked to Catalog.Variant.Edit; verify status, audit trail, downstream data, and unavailable invalid next actions.","Workflow transition succeeds only from valid state, updates visible status, and preserves permission and audit behavior.","Sign in as a user without Catalog.Variant.Edit; menu/action must be hidden or disabled, and direct navigation/action must be denied.","Switch English/Arabic and verify labels, direction, validation messages, and action alignment remain usable.","","",""
"UAT-0071","Catalog and pricing","Variant","Select","General","/Warehouse/Product/Dashboard","Catalog.Variant.Select","No direct endpoint found or covered through parent UI/service","Seeded company context, authorized test user, and valid Variant data where applicable.","Open /Warehouse/Product/Dashboard; verify page loads; search/filter if available; inspect details; check pagination/sorting where present; verify empty-state and refresh behavior.","Variant page/function is reachable, usable, permission-protected, and data is consistent with backend behavior.","Sign in as a user without Catalog.Variant.Select; menu/action must be hidden or disabled, and direct navigation/action must be denied.","Switch English/Arabic and verify labels, direction, validation messages, and action alignment remain usable.","","",""
"UAT-0072","Catalog and pricing","Variant","View","Workflow","/Warehouse/Product/Packages/List","Catalog.Variant.View","GET","Seeded company context, authorized test user, and valid Variant data where applicable.","Open /Warehouse/Product/Packages/List; create or select a record in the required status; execute the workflow action linked to Catalog.Variant.View; verify status, audit trail, downstream data, and unavailable invalid next actions.","Workflow transition succeeds only from valid state, updates visible status, and preserves permission and audit behavior.","Sign in as a user without Catalog.Variant.View; menu/action must be hidden or disabled, and direct navigation/action must be denied.","Switch English/Arabic and verify labels, direction, validation messages, and action alignment remain usable.","","",""
"UAT-0287","Control Panel","Control Panel","Navigation/access","View/List","/Dashboard","PermissionList.CustomerPricingProfilePermissions.View","Menu route and page load","Authorized user has the menu permission and company/session context is selected.","Open sidebar/workspace menu; click Control Panel; verify route /Dashboard loads without authorization or data errors.","Control Panel is visible for authorized users and the target page loads successfully.","Remove the listed permission from the test role; menu item should be hidden and direct route should not expose data.","Switch English/Arabic and verify menu label, route page title, and layout direction.","","","Menu coverage row"
"UAT-0347","Control Panel","Dashboard","Navigation/access","View/List","/Procurement/Dashboard","PermissionList.PurchaseOrderPermissions.Select","Menu route and page load","Authorized user has the menu permission and company/session context is selected.","Open sidebar/workspace menu; click Dashboard; verify route /Procurement/Dashboard loads without authorization or data errors.","Dashboard is visible for authorized users and the target page loads successfully.","Remove the listed permission from the test role; menu item should be hidden and direct route should not expose data.","Switch English/Arabic and verify menu label, route page title, and layout direction.","","","Menu coverage row"
"UAT-0355","Control Panel","Dashboard","Navigation/access","View/List","/TaskManagement/Dashboard","PermissionList.TaskManagementPermissions.Select","Menu route and page load","Authorized user has the menu permission and company/session context is selected.","Open sidebar/workspace menu; click Dashboard; verify route /TaskManagement/Dashboard loads without authorization or data errors.","Dashboard is visible for authorized users and the target page loads successfully.","Remove the listed permission from the test role; menu item should be hidden and direct route should not expose data.","Switch English/Arabic and verify menu label, route page title, and layout direction.","","","Menu coverage row"
"UAT-0280","Control Panel","Sales Dashboard","Navigation/access","View/List","/Sales/Dashboard","PermissionList.SalesOrderPermissions.View","Menu route and page load","Authorized user has the menu permission and company/session context is selected.","Open sidebar/workspace menu; click Sales Dashboard; verify route /Sales/Dashboard loads without authorization or data errors.","Sales Dashboard is visible for authorized users and the target page loads successfully.","Remove the listed permission from the test role; menu item should be hidden and direct route should not expose data.","Switch English/Arabic and verify menu label, route page title, and layout direction.","","","Menu coverage row"
"UAT-0123","Customers","Customer","Create","Workflow","/Customers/Customer/List","Customers.Customer.Create","POST","Seeded company context, authorized test user, and valid Customer data where applicable.","Open /Customers/Customer/List; create or select a record in the required status; execute the workflow action linked to Customers.Customer.Create; verify status, audit trail, downstream data, and unavailable invalid next actions.","Workflow transition succeeds only from valid state, updates visible status, and preserves permission and audit behavior.","Sign in as a user without Customers.Customer.Create; menu/action must be hidden or disabled, and direct navigation/action must be denied.","Switch English/Arabic and verify labels, direction, validation messages, and action alignment remain usable.","","",""
"UAT-0125","Customers","Customer","Delete","Workflow","/Customers/Customer/List","Customers.Customer.Delete","DELETE","Seeded company context, authorized test user, and valid Customer data where applicable.","Open /Customers/Customer/List; create or select a record in the required status; execute the workflow action linked to Customers.Customer.Delete; verify status, audit trail, downstream data, and unavailable invalid next actions.","Workflow transition succeeds only from valid state, updates visible status, and preserves permission and audit behavior.","Sign in as a user without Customers.Customer.Delete; menu/action must be hidden or disabled, and direct navigation/action must be denied.","Switch English/Arabic and verify labels, direction, validation messages, and action alignment remain usable.","","",""
"UAT-0124","Customers","Customer","Edit","Workflow","/Customers/Customer/List","Customers.Customer.Edit","PUT","Seeded company context, authorized test user, and valid Customer data where applicable.","Open /Customers/Customer/List; create or select a record in the required status; execute the workflow action linked to Customers.Customer.Edit; verify status, audit trail, downstream data, and unavailable invalid next actions.","Workflow transition succeeds only from valid state, updates visible status, and preserves permission and audit behavior.","Sign in as a user without Customers.Customer.Edit; menu/action must be hidden or disabled, and direct navigation/action must be denied.","Switch English/Arabic and verify labels, direction, validation messages, and action alignment remain usable.","","",""
"UAT-0121","Customers","Customer","Select","General","/Customers/Customer/Dashboard","Customers.Customer.Select","No direct endpoint found or covered through parent UI/service","Seeded company context, authorized test user, and valid Customer data where applicable.","Open /Customers/Customer/Dashboard; verify page loads; search/filter if available; inspect details; check pagination/sorting where present; verify empty-state and refresh behavior.","Customer page/function is reachable, usable, permission-protected, and data is consistent with backend behavior.","Sign in as a user without Customers.Customer.Select; menu/action must be hidden or disabled, and direct navigation/action must be denied.","Switch English/Arabic and verify labels, direction, validation messages, and action alignment remain usable.","","",""
"UAT-0122","Customers","Customer","View","Workflow","/Customers/CustomerGroup/List","Customers.Customer.View","GET","Seeded company context, authorized test user, and valid Customer data where applicable.","Open /Customers/CustomerGroup/List; create or select a record in the required status; execute the workflow action linked to Customers.Customer.View; verify status, audit trail, downstream data, and unavailable invalid next actions.","Workflow transition succeeds only from valid state, updates visible status, and preserves permission and audit behavior.","Sign in as a user without Customers.Customer.View; menu/action must be hidden or disabled, and direct navigation/action must be denied.","Switch English/Arabic and verify labels, direction, validation messages, and action alignment remain usable.","","",""
"UAT-0285","Customers","Customer Groups","Navigation/access","View/List","/Customers/CustomerGroup/List","PermissionList.CustomerPermissions.View","Menu route and page load","Authorized user has the menu permission and company/session context is selected.","Open sidebar/workspace menu; click Customer Groups; verify route /Customers/CustomerGroup/List loads without authorization or data errors.","Customer Groups is visible for authorized users and the target page loads successfully.","Remove the listed permission from the test role; menu item should be hidden and direct route should not expose data.","Switch English/Arabic and verify menu label, route page title, and layout direction.","","","Menu coverage row"
"UAT-0113","Customers","CustomerGroup","Create","Workflow","/Customers/CustomerGroup/List","Customers.CustomerGroup.Create","POST","Seeded company context, authorized test user, and valid CustomerGroup data where applicable.","Open /Customers/CustomerGroup/List; create or select a record in the required status; execute the workflow action linked to Customers.CustomerGroup.Create; verify status, audit trail, downstream data, and unavailable invalid next actions.","Workflow transition succeeds only from valid state, updates visible status, and preserves permission and audit behavior.","Sign in as a user without Customers.CustomerGroup.Create; menu/action must be hidden or disabled, and direct navigation/action must be denied.","Switch English/Arabic and verify labels, direction, validation messages, and action alignment remain usable.","","",""
"UAT-0115","Customers","CustomerGroup","Delete","Workflow","/Customers/CustomerGroup/List","Customers.CustomerGroup.Delete","DELETE","Seeded company context, authorized test user, and valid CustomerGroup data where applicable.","Open /Customers/CustomerGroup/List; create or select a record in the required status; execute the workflow action linked to Customers.CustomerGroup.Delete; verify status, audit trail, downstream data, and unavailable invalid next actions.","Workflow transition succeeds only from valid state, updates visible status, and preserves permission and audit behavior.","Sign in as a user without Customers.CustomerGroup.Delete; menu/action must be hidden or disabled, and direct navigation/action must be denied.","Switch English/Arabic and verify labels, direction, validation messages, and action alignment remain usable.","","",""
"UAT-0114","Customers","CustomerGroup","Edit","Workflow","/Customers/CustomerGroup/List","Customers.CustomerGroup.Edit","PUT","Seeded company context, authorized test user, and valid CustomerGroup data where applicable.","Open /Customers/CustomerGroup/List; create or select a record in the required status; execute the workflow action linked to Customers.CustomerGroup.Edit; verify status, audit trail, downstream data, and unavailable invalid next actions.","Workflow transition succeeds only from valid state, updates visible status, and preserves permission and audit behavior.","Sign in as a user without Customers.CustomerGroup.Edit; menu/action must be hidden or disabled, and direct navigation/action must be denied.","Switch English/Arabic and verify labels, direction, validation messages, and action alignment remain usable.","","",""
"UAT-0111","Customers","CustomerGroup","Select","General","/Customers/CustomerGroup/List","Customers.CustomerGroup.Select","No direct endpoint found or covered through parent UI/service","Seeded company context, authorized test user, and valid CustomerGroup data where applicable.","Open /Customers/CustomerGroup/List; verify page loads; search/filter if available; inspect details; check pagination/sorting where present; verify empty-state and refresh behavior.","CustomerGroup page/function is reachable, usable, permission-protected, and data is consistent with backend behavior.","Sign in as a user without Customers.CustomerGroup.Select; menu/action must be hidden or disabled, and direct navigation/action must be denied.","Switch English/Arabic and verify labels, direction, validation messages, and action alignment remain usable.","","",""
"UAT-0112","Customers","CustomerGroup","View","View/List","/Customers/CustomerPricingProfile/List","Customers.CustomerGroup.View","GET","Seeded company context, authorized test user, and valid CustomerGroup data where applicable.","Open /Customers/CustomerPricingProfile/List; verify page loads; search/filter if available; inspect details; check pagination/sorting where present; verify empty-state and refresh behavior.","CustomerGroup page/function is reachable, usable, permission-protected, and data is consistent with backend behavior.","Sign in as a user without Customers.CustomerGroup.View; menu/action must be hidden or disabled, and direct navigation/action must be denied.","Switch English/Arabic and verify labels, direction, validation messages, and action alignment remain usable.","","",""
"UAT-0118","Customers","CustomerPricingProfile","Create","Workflow","/Customers/CustomerPricingProfile/List","Customers.CustomerPricingProfile.Create","POST","Seeded company context, authorized test user, and valid CustomerPricingProfile data where applicable.","Open /Customers/CustomerPricingProfile/List; create or select a record in the required status; execute the workflow action linked to Customers.CustomerPricingProfile.Create; verify status, audit trail, downstream data, and unavailable invalid next actions.","Workflow transition succeeds only from valid state, updates visible status, and preserves permission and audit behavior.","Sign in as a user without Customers.CustomerPricingProfile.Create; menu/action must be hidden or disabled, and direct navigation/action must be denied.","Switch English/Arabic and verify labels, direction, validation messages, and action alignment remain usable.","","",""
"UAT-0120","Customers","CustomerPricingProfile","Delete","Workflow","/Customers/CustomerPricingProfile/List","Customers.CustomerPricingProfile.Delete","DELETE","Seeded company context, authorized test user, and valid CustomerPricingProfile data where applicable.","Open /Customers/CustomerPricingProfile/List; create or select a record in the required status; execute the workflow action linked to Customers.CustomerPricingProfile.Delete; verify status, audit trail, downstream data, and unavailable invalid next actions.","Workflow transition succeeds only from valid state, updates visible status, and preserves permission and audit behavior.","Sign in as a user without Customers.CustomerPricingProfile.Delete; menu/action must be hidden or disabled, and direct navigation/action must be denied.","Switch English/Arabic and verify labels, direction, validation messages, and action alignment remain usable.","","",""
"UAT-0119","Customers","CustomerPricingProfile","Edit","Workflow","/Customers/CustomerPricingProfile/List","Customers.CustomerPricingProfile.Edit","PUT","Seeded company context, authorized test user, and valid CustomerPricingProfile data where applicable.","Open /Customers/CustomerPricingProfile/List; create or select a record in the required status; execute the workflow action linked to Customers.CustomerPricingProfile.Edit; verify status, audit trail, downstream data, and unavailable invalid next actions.","Workflow transition succeeds only from valid state, updates visible status, and preserves permission and audit behavior.","Sign in as a user without Customers.CustomerPricingProfile.Edit; menu/action must be hidden or disabled, and direct navigation/action must be denied.","Switch English/Arabic and verify labels, direction, validation messages, and action alignment remain usable.","","",""
"UAT-0116","Customers","CustomerPricingProfile","Select","General","/Customers/CustomerGroup/List","Customers.CustomerPricingProfile.Select","No direct endpoint found or covered through parent UI/service","Seeded company context, authorized test user, and valid CustomerPricingProfile data where applicable.","Open /Customers/CustomerGroup/List; verify page loads; search/filter if available; inspect details; check pagination/sorting where present; verify empty-state and refresh behavior.","CustomerPricingProfile page/function is reachable, usable, permission-protected, and data is consistent with backend behavior.","Sign in as a user without Customers.CustomerPricingProfile.Select; menu/action must be hidden or disabled, and direct navigation/action must be denied.","Switch English/Arabic and verify labels, direction, validation messages, and action alignment remain usable.","","",""
"UAT-0117","Customers","CustomerPricingProfile","View","View/List","/Dashboard","Customers.CustomerPricingProfile.View","GET","Seeded company context, authorized test user, and valid CustomerPricingProfile data where applicable.","Open /Dashboard; verify page loads; search/filter if available; inspect details; check pagination/sorting where present; verify empty-state and refresh behavior.","CustomerPricingProfile page/function is reachable, usable, permission-protected, and data is consistent with backend behavior.","Sign in as a user without Customers.CustomerPricingProfile.View; menu/action must be hidden or disabled, and direct navigation/action must be denied.","Switch English/Arabic and verify labels, direction, validation messages, and action alignment remain usable.","","",""
"UAT-0284","Customers","Customers List","Navigation/access","View/List","/Customers/Customer/List","PermissionList.CustomerPermissions.Select","Menu route and page load","Authorized user has the menu permission and company/session context is selected.","Open sidebar/workspace menu; click Customers List; verify route /Customers/Customer/List loads without authorization or data errors.","Customers List is visible for authorized users and the target page loads successfully.","Remove the listed permission from the test role; menu item should be hidden and direct route should not expose data.","Switch English/Arabic and verify menu label, route page title, and layout direction.","","","Menu coverage row"
"UAT-0283","Customers","Dashboard","Navigation/access","View/List","/Customers/Customer/Dashboard","PermissionList.CustomerPermissions.Select","Menu route and page load","Authorized user has the menu permission and company/session context is selected.","Open sidebar/workspace menu; click Dashboard; verify route /Customers/Customer/Dashboard loads without authorization or data errors.","Dashboard is visible for authorized users and the target page loads successfully.","Remove the listed permission from the test role; menu item should be hidden and direct route should not expose data.","Switch English/Arabic and verify menu label, route page title, and layout direction.","","","Menu coverage row"
"UAT-0286","Customers","Special Customer Pricing","Navigation/access","View/List","/Customers/CustomerPricingProfile/List","PermissionList.CustomerGroupPermissions.View","Menu route and page load","Authorized user has the menu permission and company/session context is selected.","Open sidebar/workspace menu; click Special Customer Pricing; verify route /Customers/CustomerPricingProfile/List loads without authorization or data errors.","Special Customer Pricing is visible for authorized users and the target page loads successfully.","Remove the listed permission from the test role; menu item should be hidden and direct route should not expose data.","Switch English/Arabic and verify menu label, route page title, and layout direction.","","","Menu coverage row"
"UAT-0365","General settings","Currencies","Navigation/access","View/List","/GeneralSettings/Currencies","PermissionList.SystemSettingsPermissions.View","Menu route and page load","Authorized user has the menu permission and company/session context is selected.","Open sidebar/workspace menu; click Currencies; verify route /GeneralSettings/Currencies loads without authorization or data errors.","Currencies is visible for authorized users and the target page loads successfully.","Remove the listed permission from the test role; menu item should be hidden and direct route should not expose data.","Switch English/Arabic and verify menu label, route page title, and layout direction.","","","Menu coverage row"
"UAT-0364","General settings","System Settings","Navigation/access","View/List","/GeneralSettings/SystemSettings","PermissionList.UsersPermissions.View","Menu route and page load","Authorized user has the menu permission and company/session context is selected.","Open sidebar/workspace menu; click System Settings; verify route /GeneralSettings/SystemSettings loads without authorization or data errors.","System Settings is visible for authorized users and the target page loads successfully.","Remove the listed permission from the test role; menu item should be hidden and direct route should not expose data.","Switch English/Arabic and verify menu label, route page title, and layout direction.","","","Menu coverage row"
"UAT-0277","General settings","SystemSettings","Create","Create","/GeneralSettings/Currencies","GeneralSettings.SystemSettings.Create","No direct endpoint found or covered through parent UI/service","Seeded company context, authorized test user, and valid SystemSettings data where applicable.","Open /GeneralSettings/Currencies; click Add/New; enter valid required data; save; confirm success toast and new row/detail is visible; repeat with missing required data to verify validation.","SystemSettings is created only with valid data, visible in the UI, and persisted after reload.","Sign in as a user without GeneralSettings.SystemSettings.Create; menu/action must be hidden or disabled, and direct navigation/action must be denied.","Switch English/Arabic and verify labels, direction, validation messages, and action alignment remain usable.","","",""
"UAT-0278","General settings","SystemSettings","Edit","Edit","/GeneralSettings/Currencies","GeneralSettings.SystemSettings.Edit","PUT/POST/DELETE","Seeded company context, authorized test user, and valid SystemSettings data where applicable.","Open /GeneralSettings/Currencies; select an existing record; edit allowed fields; save; verify success toast and persisted changes after refresh.","SystemSettings changes are saved, reloaded correctly, and validation prevents invalid updates.","Sign in as a user without GeneralSettings.SystemSettings.Edit; menu/action must be hidden or disabled, and direct navigation/action must be denied.","Switch English/Arabic and verify labels, direction, validation messages, and action alignment remain usable.","","",""
"UAT-0275","General settings","SystemSettings","Select","General","/GeneralSettings/Currencies","GeneralSettings.SystemSettings.Select","No direct endpoint found or covered through parent UI/service","Seeded company context, authorized test user, and valid SystemSettings data where applicable.","Open /GeneralSettings/Currencies; verify page loads; search/filter if available; inspect details; check pagination/sorting where present; verify empty-state and refresh behavior.","SystemSettings page/function is reachable, usable, permission-protected, and data is consistent with backend behavior.","Sign in as a user without GeneralSettings.SystemSettings.Select; menu/action must be hidden or disabled, and direct navigation/action must be denied.","Switch English/Arabic and verify labels, direction, validation messages, and action alignment remain usable.","","",""
"UAT-0276","General settings","SystemSettings","View","Workflow","/GeneralSettings/Currencies","GeneralSettings.SystemSettings.View","GET","Seeded company context, authorized test user, and valid SystemSettings data where applicable.","Open /GeneralSettings/Currencies; create or select a record in the required status; execute the workflow action linked to GeneralSettings.SystemSettings.View; verify status, audit trail, downstream data, and unavailable invalid next actions.","Workflow transition succeeds only from valid state, updates visible status, and preserves permission and audit behavior.","Sign in as a user without GeneralSettings.SystemSettings.View; menu/action must be hidden or disabled, and direct navigation/action must be denied.","Switch English/Arabic and verify labels, direction, validation messages, and action alignment remain usable.","","",""
"UAT-0297","HR employees","Academic Institutions","Navigation/access","View/List","/Employee/AcademicInistitution/List","PermissionList.PositionPermissions.View","Menu route and page load","Authorized user has the menu permission and company/session context is selected.","Open sidebar/workspace menu; click Academic Institutions; verify route /Employee/AcademicInistitution/List loads without authorization or data errors.","Academic Institutions is visible for authorized users and the target page loads successfully.","Remove the listed permission from the test role; menu item should be hidden and direct route should not expose data.","Switch English/Arabic and verify menu label, route page title, and layout direction.","","","Menu coverage row"
"UAT-0018","HR employees","AcademicInistitution","Create","Workflow","/Employee/AcademicInistitution/List","Employees.AcademicInistitution.Create","POST","Seeded company context, authorized test user, and valid AcademicInistitution data where applicable.","Open /Employee/AcademicInistitution/List; create or select a record in the required status; execute the workflow action linked to Employees.AcademicInistitution.Create; verify status, audit trail, downstream data, and unavailable invalid next actions.","Workflow transition succeeds only from valid state, updates visible status, and preserves permission and audit behavior.","Sign in as a user without Employees.AcademicInistitution.Create; menu/action must be hidden or disabled, and direct navigation/action must be denied.","Switch English/Arabic and verify labels, direction, validation messages, and action alignment remain usable.","","",""
"UAT-0020","HR employees","AcademicInistitution","Delete","Workflow","/Employee/AcademicInistitution/List","Employees.AcademicInistitution.Delete","DELETE","Seeded company context, authorized test user, and valid AcademicInistitution data where applicable.","Open /Employee/AcademicInistitution/List; create or select a record in the required status; execute the workflow action linked to Employees.AcademicInistitution.Delete; verify status, audit trail, downstream data, and unavailable invalid next actions.","Workflow transition succeeds only from valid state, updates visible status, and preserves permission and audit behavior.","Sign in as a user without Employees.AcademicInistitution.Delete; menu/action must be hidden or disabled, and direct navigation/action must be denied.","Switch English/Arabic and verify labels, direction, validation messages, and action alignment remain usable.","","",""
"UAT-0019","HR employees","AcademicInistitution","Edit","Edit","/Employee/AcademicInistitution/List","Employees.AcademicInistitution.Edit","PUT","Seeded company context, authorized test user, and valid AcademicInistitution data where applicable.","Open /Employee/AcademicInistitution/List; select an existing record; edit allowed fields; save; verify success toast and persisted changes after refresh.","AcademicInistitution changes are saved, reloaded correctly, and validation prevents invalid updates.","Sign in as a user without Employees.AcademicInistitution.Edit; menu/action must be hidden or disabled, and direct navigation/action must be denied.","Switch English/Arabic and verify labels, direction, validation messages, and action alignment remain usable.","","",""
"UAT-0016","HR employees","AcademicInistitution","Select","General","/Employee/Dashboard","Employees.AcademicInistitution.Select","No direct endpoint found or covered through parent UI/service","Seeded company context, authorized test user, and valid AcademicInistitution data where applicable.","Open /Employee/Dashboard; verify page loads; search/filter if available; inspect details; check pagination/sorting where present; verify empty-state and refresh behavior.","AcademicInistitution page/function is reachable, usable, permission-protected, and data is consistent with backend behavior.","Sign in as a user without Employees.AcademicInistitution.Select; menu/action must be hidden or disabled, and direct navigation/action must be denied.","Switch English/Arabic and verify labels, direction, validation messages, and action alignment remain usable.","","",""
"UAT-0017","HR employees","AcademicInistitution","View","Workflow","/Employee/Specialization/List","Employees.AcademicInistitution.View","GET","Seeded company context, authorized test user, and valid AcademicInistitution data where applicable.","Open /Employee/Specialization/List; create or select a record in the required status; execute the workflow action linked to Employees.AcademicInistitution.View; verify status, audit trail, downstream data, and unavailable invalid next actions.","Workflow transition succeeds only from valid state, updates visible status, and preserves permission and audit behavior.","Sign in as a user without Employees.AcademicInistitution.View; menu/action must be hidden or disabled, and direct navigation/action must be denied.","Switch English/Arabic and verify labels, direction, validation messages, and action alignment remain usable.","","",""
"UAT-0294","HR employees","Dashboard","Navigation/access","View/List","/Employee/Dashboard","PermissionList.EmployeePermissions.Select","Menu route and page load","Authorized user has the menu permission and company/session context is selected.","Open sidebar/workspace menu; click Dashboard; verify route /Employee/Dashboard loads without authorization or data errors.","Dashboard is visible for authorized users and the target page loads successfully.","Remove the listed permission from the test role; menu item should be hidden and direct route should not expose data.","Switch English/Arabic and verify menu label, route page title, and layout direction.","","","Menu coverage row"
"UAT-0013","HR employees","Employee","Create","Workflow","/Employee/Employee/Form/{Id:guid?}","Employees.Employee.Create","POST","Seeded company context, authorized test user, and valid Employee data where applicable.","Open /Employee/Employee/Form/{Id:guid?}; create or select a record in the required status; execute the workflow action linked to Employees.Employee.Create; verify status, audit trail, downstream data, and unavailable invalid next actions.","Workflow transition succeeds only from valid state, updates visible status, and preserves permission and audit behavior.","Sign in as a user without Employees.Employee.Create; menu/action must be hidden or disabled, and direct navigation/action must be denied.","Switch English/Arabic and verify labels, direction, validation messages, and action alignment remain usable.","","",""
"UAT-0015","HR employees","Employee","Delete","Workflow","/Employee/Employee/List","Employees.Employee.Delete","DELETE","Seeded company context, authorized test user, and valid Employee data where applicable.","Open /Employee/Employee/List; create or select a record in the required status; execute the workflow action linked to Employees.Employee.Delete; verify status, audit trail, downstream data, and unavailable invalid next actions.","Workflow transition succeeds only from valid state, updates visible status, and preserves permission and audit behavior.","Sign in as a user without Employees.Employee.Delete; menu/action must be hidden or disabled, and direct navigation/action must be denied.","Switch English/Arabic and verify labels, direction, validation messages, and action alignment remain usable.","","",""
"UAT-0014","HR employees","Employee","Edit","Workflow","/Employee/Employee/Form/{Id:guid?}","Employees.Employee.Edit","PUT","Seeded company context, authorized test user, and valid Employee data where applicable.","Open /Employee/Employee/Form/{Id:guid?}; create or select a record in the required status; execute the workflow action linked to Employees.Employee.Edit; verify status, audit trail, downstream data, and unavailable invalid next actions.","Workflow transition succeeds only from valid state, updates visible status, and preserves permission and audit behavior.","Sign in as a user without Employees.Employee.Edit; menu/action must be hidden or disabled, and direct navigation/action must be denied.","Switch English/Arabic and verify labels, direction, validation messages, and action alignment remain usable.","","",""
"UAT-0011","HR employees","Employee","Select","General","/Employee/Dashboard","Employees.Employee.Select","No direct endpoint found or covered through parent UI/service","Seeded company context, authorized test user, and valid Employee data where applicable.","Open /Employee/Dashboard; verify page loads; search/filter if available; inspect details; check pagination/sorting where present; verify empty-state and refresh behavior.","Employee page/function is reachable, usable, permission-protected, and data is consistent with backend behavior.","Sign in as a user without Employees.Employee.Select; menu/action must be hidden or disabled, and direct navigation/action must be denied.","Switch English/Arabic and verify labels, direction, validation messages, and action alignment remain usable.","","",""
"UAT-0012","HR employees","Employee","View","Workflow","/Employee/Position/List","Employees.Employee.View","GET","Seeded company context, authorized test user, and valid Employee data where applicable.","Open /Employee/Position/List; create or select a record in the required status; execute the workflow action linked to Employees.Employee.View; verify status, audit trail, downstream data, and unavailable invalid next actions.","Workflow transition succeeds only from valid state, updates visible status, and preserves permission and audit behavior.","Sign in as a user without Employees.Employee.View; menu/action must be hidden or disabled, and direct navigation/action must be denied.","Switch English/Arabic and verify labels, direction, validation messages, and action alignment remain usable.","","",""
"UAT-0295","HR employees","Employees","Navigation/access","View/List","/Employee/Employee/List","PermissionList.EmployeePermissions.Select","Menu route and page load","Authorized user has the menu permission and company/session context is selected.","Open sidebar/workspace menu; click Employees; verify route /Employee/Employee/List loads without authorization or data errors.","Employees is visible for authorized users and the target page loads successfully.","Remove the listed permission from the test role; menu item should be hidden and direct route should not expose data.","Switch English/Arabic and verify menu label, route page title, and layout direction.","","","Menu coverage row"
"UAT-0028","HR employees","Position","Create","Workflow","/Employee/Position/List","Employees.Position.Create","POST","Seeded company context, authorized test user, and valid Position data where applicable.","Open /Employee/Position/List; create or select a record in the required status; execute the workflow action linked to Employees.Position.Create; verify status, audit trail, downstream data, and unavailable invalid next actions.","Workflow transition succeeds only from valid state, updates visible status, and preserves permission and audit behavior.","Sign in as a user without Employees.Position.Create; menu/action must be hidden or disabled, and direct navigation/action must be denied.","Switch English/Arabic and verify labels, direction, validation messages, and action alignment remain usable.","","",""
"UAT-0030","HR employees","Position","Delete","Workflow","/Employee/Position/List","Employees.Position.Delete","DELETE","Seeded company context, authorized test user, and valid Position data where applicable.","Open /Employee/Position/List; create or select a record in the required status; execute the workflow action linked to Employees.Position.Delete; verify status, audit trail, downstream data, and unavailable invalid next actions.","Workflow transition succeeds only from valid state, updates visible status, and preserves permission and audit behavior.","Sign in as a user without Employees.Position.Delete; menu/action must be hidden or disabled, and direct navigation/action must be denied.","Switch English/Arabic and verify labels, direction, validation messages, and action alignment remain usable.","","",""
"UAT-0029","HR employees","Position","Edit","Workflow","/Employee/Position/List","Employees.Position.Edit","PUT","Seeded company context, authorized test user, and valid Position data where applicable.","Open /Employee/Position/List; create or select a record in the required status; execute the workflow action linked to Employees.Position.Edit; verify status, audit trail, downstream data, and unavailable invalid next actions.","Workflow transition succeeds only from valid state, updates visible status, and preserves permission and audit behavior.","Sign in as a user without Employees.Position.Edit; menu/action must be hidden or disabled, and direct navigation/action must be denied.","Switch English/Arabic and verify labels, direction, validation messages, and action alignment remain usable.","","",""
"UAT-0026","HR employees","Position","Select","General","/Employee/Dashboard","Employees.Position.Select","No direct endpoint found or covered through parent UI/service","Seeded company context, authorized test user, and valid Position data where applicable.","Open /Employee/Dashboard; verify page loads; search/filter if available; inspect details; check pagination/sorting where present; verify empty-state and refresh behavior.","Position page/function is reachable, usable, permission-protected, and data is consistent with backend behavior.","Sign in as a user without Employees.Position.Select; menu/action must be hidden or disabled, and direct navigation/action must be denied.","Switch English/Arabic and verify labels, direction, validation messages, and action alignment remain usable.","","",""
"UAT-0027","HR employees","Position","View","Workflow","/Employee/AcademicInistitution/List","Employees.Position.View","GET","Seeded company context, authorized test user, and valid Position data where applicable.","Open /Employee/AcademicInistitution/List; create or select a record in the required status; execute the workflow action linked to Employees.Position.View; verify status, audit trail, downstream data, and unavailable invalid next actions.","Workflow transition succeeds only from valid state, updates visible status, and preserves permission and audit behavior.","Sign in as a user without Employees.Position.View; menu/action must be hidden or disabled, and direct navigation/action must be denied.","Switch English/Arabic and verify labels, direction, validation messages, and action alignment remain usable.","","",""
"UAT-0296","HR employees","Positions","Navigation/access","View/List","/Employee/Position/List","PermissionList.EmployeePermissions.View","Menu route and page load","Authorized user has the menu permission and company/session context is selected.","Open sidebar/workspace menu; click Positions; verify route /Employee/Position/List loads without authorization or data errors.","Positions is visible for authorized users and the target page loads successfully.","Remove the listed permission from the test role; menu item should be hidden and direct route should not expose data.","Switch English/Arabic and verify menu label, route page title, and layout direction.","","","Menu coverage row"
"UAT-0023","HR employees","Specialization","Create","Workflow","/Employee/Specialization/List","Employees.Specialization.Create","POST","Seeded company context, authorized test user, and valid Specialization data where applicable.","Open /Employee/Specialization/List; create or select a record in the required status; execute the workflow action linked to Employees.Specialization.Create; verify status, audit trail, downstream data, and unavailable invalid next actions.","Workflow transition succeeds only from valid state, updates visible status, and preserves permission and audit behavior.","Sign in as a user without Employees.Specialization.Create; menu/action must be hidden or disabled, and direct navigation/action must be denied.","Switch English/Arabic and verify labels, direction, validation messages, and action alignment remain usable.","","",""
"UAT-0025","HR employees","Specialization","Delete","Workflow","/Employee/Specialization/List","Employees.Specialization.Delete","DELETE","Seeded company context, authorized test user, and valid Specialization data where applicable.","Open /Employee/Specialization/List; create or select a record in the required status; execute the workflow action linked to Employees.Specialization.Delete; verify status, audit trail, downstream data, and unavailable invalid next actions.","Workflow transition succeeds only from valid state, updates visible status, and preserves permission and audit behavior.","Sign in as a user without Employees.Specialization.Delete; menu/action must be hidden or disabled, and direct navigation/action must be denied.","Switch English/Arabic and verify labels, direction, validation messages, and action alignment remain usable.","","",""
"UAT-0024","HR employees","Specialization","Edit","Workflow","/Employee/Specialization/List","Employees.Specialization.Edit","PUT","Seeded company context, authorized test user, and valid Specialization data where applicable.","Open /Employee/Specialization/List; create or select a record in the required status; execute the workflow action linked to Employees.Specialization.Edit; verify status, audit trail, downstream data, and unavailable invalid next actions.","Workflow transition succeeds only from valid state, updates visible status, and preserves permission and audit behavior.","Sign in as a user without Employees.Specialization.Edit; menu/action must be hidden or disabled, and direct navigation/action must be denied.","Switch English/Arabic and verify labels, direction, validation messages, and action alignment remain usable.","","",""
"UAT-0021","HR employees","Specialization","Select","General","/Employee/Dashboard","Employees.Specialization.Select","No direct endpoint found or covered through parent UI/service","Seeded company context, authorized test user, and valid Specialization data where applicable.","Open /Employee/Dashboard; verify page loads; search/filter if available; inspect details; check pagination/sorting where present; verify empty-state and refresh behavior.","Specialization page/function is reachable, usable, permission-protected, and data is consistent with backend behavior.","Sign in as a user without Employees.Specialization.Select; menu/action must be hidden or disabled, and direct navigation/action must be denied.","Switch English/Arabic and verify labels, direction, validation messages, and action alignment remain usable.","","",""
"UAT-0022","HR employees","Specialization","View","Workflow","/Employee/Specialization/List","Employees.Specialization.View","GET","Seeded company context, authorized test user, and valid Specialization data where applicable.","Open /Employee/Specialization/List; create or select a record in the required status; execute the workflow action linked to Employees.Specialization.View; verify status, audit trail, downstream data, and unavailable invalid next actions.","Workflow transition succeeds only from valid state, updates visible status, and preserves permission and audit behavior.","Sign in as a user without Employees.Specialization.View; menu/action must be hidden or disabled, and direct navigation/action must be denied.","Switch English/Arabic and verify labels, direction, validation messages, and action alignment remain usable.","","",""
"UAT-0298","HR employees","Specializations","Navigation/access","View/List","/Employee/Specialization/List","PermissionList.AcademicInistitutionPermissions.View","Menu route and page load","Authorized user has the menu permission and company/session context is selected.","Open sidebar/workspace menu; click Specializations; verify route /Employee/Specialization/List loads without authorization or data errors.","Specializations is visible for authorized users and the target page loads successfully.","Remove the listed permission from the test role; menu item should be hidden and direct route should not expose data.","Switch English/Arabic and verify menu label, route page title, and layout direction.","","","Menu coverage row"
"UAT-0342","Inventory","Adjustments","Navigation/access","View/List","/Inventory/Operations/StockAdjustment","PermissionList.InventoryPermissions.View","Menu route and page load","Authorized user has the menu permission and company/session context is selected.","Open sidebar/workspace menu; click Adjustments; verify route /Inventory/Operations/StockAdjustment loads without authorization or data errors.","Adjustments is visible for authorized users and the target page loads successfully.","Remove the listed permission from the test role; menu item should be hidden and direct route should not expose data.","Switch English/Arabic and verify menu label, route page title, and layout direction.","","","Menu coverage row"
"UAT-0108","Inventory","Batch","Create","Workflow","/Inventory/Batch/List","Inventory.Batch.Create","POST","Seeded company context, authorized test user, and valid Batch data where applicable.","Open /Inventory/Batch/List; create or select a record in the required status; execute the workflow action linked to Inventory.Batch.Create; verify status, audit trail, downstream data, and unavailable invalid next actions.","Workflow transition succeeds only from valid state, updates visible status, and preserves permission and audit behavior.","Sign in as a user without Inventory.Batch.Create; menu/action must be hidden or disabled, and direct navigation/action must be denied.","Switch English/Arabic and verify labels, direction, validation messages, and action alignment remain usable.","","",""
"UAT-0110","Inventory","Batch","Delete","Workflow","/Inventory/Batch/List","Inventory.Batch.Delete","DELETE","Seeded company context, authorized test user, and valid Batch data where applicable.","Open /Inventory/Batch/List; create or select a record in the required status; execute the workflow action linked to Inventory.Batch.Delete; verify status, audit trail, downstream data, and unavailable invalid next actions.","Workflow transition succeeds only from valid state, updates visible status, and preserves permission and audit behavior.","Sign in as a user without Inventory.Batch.Delete; menu/action must be hidden or disabled, and direct navigation/action must be denied.","Switch English/Arabic and verify labels, direction, validation messages, and action alignment remain usable.","","",""
"UAT-0109","Inventory","Batch","Edit","Workflow","/Inventory/Batch/List","Inventory.Batch.Edit","PUT","Seeded company context, authorized test user, and valid Batch data where applicable.","Open /Inventory/Batch/List; create or select a record in the required status; execute the workflow action linked to Inventory.Batch.Edit; verify status, audit trail, downstream data, and unavailable invalid next actions.","Workflow transition succeeds only from valid state, updates visible status, and preserves permission and audit behavior.","Sign in as a user without Inventory.Batch.Edit; menu/action must be hidden or disabled, and direct navigation/action must be denied.","Switch English/Arabic and verify labels, direction, validation messages, and action alignment remain usable.","","",""
"UAT-0106","Inventory","Batch","Select","General","/Inventory/Dashboard","Inventory.Batch.Select","No direct endpoint found or covered through parent UI/service","Seeded company context, authorized test user, and valid Batch data where applicable.","Open /Inventory/Dashboard; verify page loads; search/filter if available; inspect details; check pagination/sorting where present; verify empty-state and refresh behavior.","Batch page/function is reachable, usable, permission-protected, and data is consistent with backend behavior.","Sign in as a user without Inventory.Batch.Select; menu/action must be hidden or disabled, and direct navigation/action must be denied.","Switch English/Arabic and verify labels, direction, validation messages, and action alignment remain usable.","","",""
"UAT-0107","Inventory","Batch","View","Workflow","/Inventory/Batch/List","Inventory.Batch.View","GET","Seeded company context, authorized test user, and valid Batch data where applicable.","Open /Inventory/Batch/List; create or select a record in the required status; execute the workflow action linked to Inventory.Batch.View; verify status, audit trail, downstream data, and unavailable invalid next actions.","Workflow transition succeeds only from valid state, updates visible status, and preserves permission and audit behavior.","Sign in as a user without Inventory.Batch.View; menu/action must be hidden or disabled, and direct navigation/action must be denied.","Switch English/Arabic and verify labels, direction, validation messages, and action alignment remain usable.","","",""
"UAT-0339","Inventory","Batches","Navigation/access","View/List","/Inventory/Batch/List","PermissionList.InventoryPermissions.View","Menu route and page load","Authorized user has the menu permission and company/session context is selected.","Open sidebar/workspace menu; click Batches; verify route /Inventory/Batch/List loads without authorization or data errors.","Batches is visible for authorized users and the target page loads successfully.","Remove the listed permission from the test role; menu item should be hidden and direct route should not expose data.","Switch English/Arabic and verify menu label, route page title, and layout direction.","","","Menu coverage row"
"UAT-0338","Inventory","Current Stock","Navigation/access","View/List","/Inventories/List","PermissionList.WarehousePermissions.View","Menu route and page load","Authorized user has the menu permission and company/session context is selected.","Open sidebar/workspace menu; click Current Stock; verify route /Inventories/List loads without authorization or data errors.","Current Stock is visible for authorized users and the target page loads successfully.","Remove the listed permission from the test role; menu item should be hidden and direct route should not expose data.","Switch English/Arabic and verify menu label, route page title, and layout direction.","","","Menu coverage row"
"UAT-0336","Inventory","Dashboard","Navigation/access","View/List","/Inventory/Dashboard","PermissionList.InventoryPermissions.Select","Menu route and page load","Authorized user has the menu permission and company/session context is selected.","Open sidebar/workspace menu; click Dashboard; verify route /Inventory/Dashboard loads without authorization or data errors.","Dashboard is visible for authorized users and the target page loads successfully.","Remove the listed permission from the test role; menu item should be hidden and direct route should not expose data.","Switch English/Arabic and verify menu label, route page title, and layout direction.","","","Menu coverage row"
"UAT-0098","Inventory","Inventory","Create","Workflow","/Inventory/Dashboard","Inventory.Inventory.Create","POST","Seeded company context, authorized test user, and valid Inventory data where applicable.","Open /Inventory/Dashboard; create or select a record in the required status; execute the workflow action linked to Inventory.Inventory.Create; verify status, audit trail, downstream data, and unavailable invalid next actions.","Workflow transition succeeds only from valid state, updates visible status, and preserves permission and audit behavior.","Sign in as a user without Inventory.Inventory.Create; menu/action must be hidden or disabled, and direct navigation/action must be denied.","Switch English/Arabic and verify labels, direction, validation messages, and action alignment remain usable.","","",""
"UAT-0100","Inventory","Inventory","Delete","Delete","/Inventories/List","Inventory.Inventory.Delete","No direct endpoint found or covered through parent UI/service","Seeded company context, authorized test user, and valid Inventory data where applicable.","Open /Inventories/List; select a disposable test record; choose Delete/Remove; confirm dialog; verify record is removed or marked inactive and cannot be selected where inappropriate.","Inventory deletion/removal follows the product rule and no deleted item remains actionable.","Sign in as a user without Inventory.Inventory.Delete; menu/action must be hidden or disabled, and direct navigation/action must be denied.","Switch English/Arabic and verify labels, direction, validation messages, and action alignment remain usable.","","",""
"UAT-0099","Inventory","Inventory","Edit","Workflow","/Inventories/List","Inventory.Inventory.Edit","POST","Seeded company context, authorized test user, and valid Inventory data where applicable.","Open /Inventories/List; create or select a record in the required status; execute the workflow action linked to Inventory.Inventory.Edit; verify status, audit trail, downstream data, and unavailable invalid next actions.","Workflow transition succeeds only from valid state, updates visible status, and preserves permission and audit behavior.","Sign in as a user without Inventory.Inventory.Edit; menu/action must be hidden or disabled, and direct navigation/action must be denied.","Switch English/Arabic and verify labels, direction, validation messages, and action alignment remain usable.","","",""
"UAT-0096","Inventory","Inventory","Select","General","/Inventory/Dashboard","Inventory.Inventory.Select","No direct endpoint found or covered through parent UI/service","Seeded company context, authorized test user, and valid Inventory data where applicable.","Open /Inventory/Dashboard; verify page loads; search/filter if available; inspect details; check pagination/sorting where present; verify empty-state and refresh behavior.","Inventory page/function is reachable, usable, permission-protected, and data is consistent with backend behavior.","Sign in as a user without Inventory.Inventory.Select; menu/action must be hidden or disabled, and direct navigation/action must be denied.","Switch English/Arabic and verify labels, direction, validation messages, and action alignment remain usable.","","",""
"UAT-0097","Inventory","Inventory","View","View/List","/Inventory/Batch/List","Inventory.Inventory.View","GET","Seeded company context, authorized test user, and valid Inventory data where applicable.","Open /Inventory/Batch/List; verify page loads; search/filter if available; inspect details; check pagination/sorting where present; verify empty-state and refresh behavior.","Inventory page/function is reachable, usable, permission-protected, and data is consistent with backend behavior.","Sign in as a user without Inventory.Inventory.View; menu/action must be hidden or disabled, and direct navigation/action must be denied.","Switch English/Arabic and verify labels, direction, validation messages, and action alignment remain usable.","","",""
"UAT-0093","Inventory","InventoryItem","Create","Create","/Inventory/Dashboard","Inventory.InventoryItem.Create","No direct endpoint found or covered through parent UI/service","Seeded company context, authorized test user, and valid InventoryItem data where applicable.","Open /Inventory/Dashboard; click Add/New; enter valid required data; save; confirm success toast and new row/detail is visible; repeat with missing required data to verify validation.","InventoryItem is created only with valid data, visible in the UI, and persisted after reload.","Sign in as a user without Inventory.InventoryItem.Create; menu/action must be hidden or disabled, and direct navigation/action must be denied.","Switch English/Arabic and verify labels, direction, validation messages, and action alignment remain usable.","","",""
"UAT-0095","Inventory","InventoryItem","Delete","Delete","/Inventory/Dashboard","Inventory.InventoryItem.Delete","No direct endpoint found or covered through parent UI/service","Seeded company context, authorized test user, and valid InventoryItem data where applicable.","Open /Inventory/Dashboard; select a disposable test record; choose Delete/Remove; confirm dialog; verify record is removed or marked inactive and cannot be selected where inappropriate.","InventoryItem deletion/removal follows the product rule and no deleted item remains actionable.","Sign in as a user without Inventory.InventoryItem.Delete; menu/action must be hidden or disabled, and direct navigation/action must be denied.","Switch English/Arabic and verify labels, direction, validation messages, and action alignment remain usable.","","",""
"UAT-0094","Inventory","InventoryItem","Edit","Edit","/Inventory/Dashboard","Inventory.InventoryItem.Edit","No direct endpoint found or covered through parent UI/service","Seeded company context, authorized test user, and valid InventoryItem data where applicable.","Open /Inventory/Dashboard; select an existing record; edit allowed fields; save; verify success toast and persisted changes after refresh.","InventoryItem changes are saved, reloaded correctly, and validation prevents invalid updates.","Sign in as a user without Inventory.InventoryItem.Edit; menu/action must be hidden or disabled, and direct navigation/action must be denied.","Switch English/Arabic and verify labels, direction, validation messages, and action alignment remain usable.","","",""
"UAT-0091","Inventory","InventoryItem","Select","General","/Inventory/Dashboard","Inventory.InventoryItem.Select","No direct endpoint found or covered through parent UI/service","Seeded company context, authorized test user, and valid InventoryItem data where applicable.","Open /Inventory/Dashboard; verify page loads; search/filter if available; inspect details; check pagination/sorting where present; verify empty-state and refresh behavior.","InventoryItem page/function is reachable, usable, permission-protected, and data is consistent with backend behavior.","Sign in as a user without Inventory.InventoryItem.Select; menu/action must be hidden or disabled, and direct navigation/action must be denied.","Switch English/Arabic and verify labels, direction, validation messages, and action alignment remain usable.","","",""
"UAT-0092","Inventory","InventoryItem","View","View/List","/Inventory/Dashboard","Inventory.InventoryItem.View","No direct endpoint found or covered through parent UI/service","Seeded company context, authorized test user, and valid InventoryItem data where applicable.","Open /Inventory/Dashboard; verify page loads; search/filter if available; inspect details; check pagination/sorting where present; verify empty-state and refresh behavior.","InventoryItem page/function is reachable, usable, permission-protected, and data is consistent with backend behavior.","Sign in as a user without Inventory.InventoryItem.View; menu/action must be hidden or disabled, and direct navigation/action must be denied.","Switch English/Arabic and verify labels, direction, validation messages, and action alignment remain usable.","","",""
"UAT-0344","Inventory","Release","Navigation/access","View/List","/Inventory/Operations/StockRelease","PermissionList.InventoryPermissions.View","Menu route and page load","Authorized user has the menu permission and company/session context is selected.","Open sidebar/workspace menu; click Release; verify route /Inventory/Operations/StockRelease loads without authorization or data errors.","Release is visible for authorized users and the target page loads successfully.","Remove the listed permission from the test role; menu item should be hidden and direct route should not expose data.","Switch English/Arabic and verify menu label, route page title, and layout direction.","","","Menu coverage row"
"UAT-0343","Inventory","Reserve","Navigation/access","View/List","/Inventory/Operations/StockReservation","PermissionList.InventoryPermissions.View","Menu route and page load","Authorized user has the menu permission and company/session context is selected.","Open sidebar/workspace menu; click Reserve; verify route /Inventory/Operations/StockReservation loads without authorization or data errors.","Reserve is visible for authorized users and the target page loads successfully.","Remove the listed permission from the test role; menu item should be hidden and direct route should not expose data.","Switch English/Arabic and verify menu label, route page title, and layout direction.","","","Menu coverage row"
"UAT-0340","Inventory","Stock In","Navigation/access","View/List","/Inventory/Operations/StockIn","PermissionList.InventoryPermissions.View","Menu route and page load","Authorized user has the menu permission and company/session context is selected.","Open sidebar/workspace menu; click Stock In; verify route /Inventory/Operations/StockIn loads without authorization or data errors.","Stock In is visible for authorized users and the target page loads successfully.","Remove the listed permission from the test role; menu item should be hidden and direct route should not expose data.","Switch English/Arabic and verify menu label, route page title, and layout direction.","","","Menu coverage row"
"UAT-0341","Inventory","Stock Out","Navigation/access","View/List","/Inventory/Operations/StockOut","PermissionList.InventoryPermissions.View","Menu route and page load","Authorized user has the menu permission and company/session context is selected.","Open sidebar/workspace menu; click Stock Out; verify route /Inventory/Operations/StockOut loads without authorization or data errors.","Stock Out is visible for authorized users and the target page loads successfully.","Remove the listed permission from the test role; menu item should be hidden and direct route should not expose data.","Switch English/Arabic and verify menu label, route page title, and layout direction.","","","Menu coverage row"
"UAT-0103","Inventory","StockTransaction","Create","Create","/Inventory/Dashboard","Inventory.StockTransaction.Create","No direct endpoint found or covered through parent UI/service","Seeded company context, authorized test user, and valid StockTransaction data where applicable.","Open /Inventory/Dashboard; click Add/New; enter valid required data; save; confirm success toast and new row/detail is visible; repeat with missing required data to verify validation.","StockTransaction is created only with valid data, visible in the UI, and persisted after reload.","Sign in as a user without Inventory.StockTransaction.Create; menu/action must be hidden or disabled, and direct navigation/action must be denied.","Switch English/Arabic and verify labels, direction, validation messages, and action alignment remain usable.","","",""
"UAT-0105","Inventory","StockTransaction","Delete","Delete","/Inventory/Dashboard","Inventory.StockTransaction.Delete","No direct endpoint found or covered through parent UI/service","Seeded company context, authorized test user, and valid StockTransaction data where applicable.","Open /Inventory/Dashboard; select a disposable test record; choose Delete/Remove; confirm dialog; verify record is removed or marked inactive and cannot be selected where inappropriate.","StockTransaction deletion/removal follows the product rule and no deleted item remains actionable.","Sign in as a user without Inventory.StockTransaction.Delete; menu/action must be hidden or disabled, and direct navigation/action must be denied.","Switch English/Arabic and verify labels, direction, validation messages, and action alignment remain usable.","","",""
"UAT-0104","Inventory","StockTransaction","Edit","Edit","/Inventory/Dashboard","Inventory.StockTransaction.Edit","No direct endpoint found or covered through parent UI/service","Seeded company context, authorized test user, and valid StockTransaction data where applicable.","Open /Inventory/Dashboard; select an existing record; edit allowed fields; save; verify success toast and persisted changes after refresh.","StockTransaction changes are saved, reloaded correctly, and validation prevents invalid updates.","Sign in as a user without Inventory.StockTransaction.Edit; menu/action must be hidden or disabled, and direct navigation/action must be denied.","Switch English/Arabic and verify labels, direction, validation messages, and action alignment remain usable.","","",""
"UAT-0101","Inventory","StockTransaction","Select","General","/Inventory/Dashboard","Inventory.StockTransaction.Select","No direct endpoint found or covered through parent UI/service","Seeded company context, authorized test user, and valid StockTransaction data where applicable.","Open /Inventory/Dashboard; verify page loads; search/filter if available; inspect details; check pagination/sorting where present; verify empty-state and refresh behavior.","StockTransaction page/function is reachable, usable, permission-protected, and data is consistent with backend behavior.","Sign in as a user without Inventory.StockTransaction.Select; menu/action must be hidden or disabled, and direct navigation/action must be denied.","Switch English/Arabic and verify labels, direction, validation messages, and action alignment remain usable.","","",""
"UAT-0102","Inventory","StockTransaction","View","View/List","/Inventory/Dashboard","Inventory.StockTransaction.View","No direct endpoint found or covered through parent UI/service","Seeded company context, authorized test user, and valid StockTransaction data where applicable.","Open /Inventory/Dashboard; verify page loads; search/filter if available; inspect details; check pagination/sorting where present; verify empty-state and refresh behavior.","StockTransaction page/function is reachable, usable, permission-protected, and data is consistent with backend behavior.","Sign in as a user without Inventory.StockTransaction.View; menu/action must be hidden or disabled, and direct navigation/action must be denied.","Switch English/Arabic and verify labels, direction, validation messages, and action alignment remain usable.","","",""
"UAT-0088","Inventory","Warehouse","Create","Workflow","/Inventory/Warehouse/List","Inventory.Warehouse.Create","POST","Seeded company context, authorized test user, and valid Warehouse data where applicable.","Open /Inventory/Warehouse/List; create or select a record in the required status; execute the workflow action linked to Inventory.Warehouse.Create; verify status, audit trail, downstream data, and unavailable invalid next actions.","Workflow transition succeeds only from valid state, updates visible status, and preserves permission and audit behavior.","Sign in as a user without Inventory.Warehouse.Create; menu/action must be hidden or disabled, and direct navigation/action must be denied.","Switch English/Arabic and verify labels, direction, validation messages, and action alignment remain usable.","","",""
"UAT-0090","Inventory","Warehouse","Delete","Workflow","/Inventory/Warehouse/List","Inventory.Warehouse.Delete","DELETE","Seeded company context, authorized test user, and valid Warehouse data where applicable.","Open /Inventory/Warehouse/List; create or select a record in the required status; execute the workflow action linked to Inventory.Warehouse.Delete; verify status, audit trail, downstream data, and unavailable invalid next actions.","Workflow transition succeeds only from valid state, updates visible status, and preserves permission and audit behavior.","Sign in as a user without Inventory.Warehouse.Delete; menu/action must be hidden or disabled, and direct navigation/action must be denied.","Switch English/Arabic and verify labels, direction, validation messages, and action alignment remain usable.","","",""
"UAT-0089","Inventory","Warehouse","Edit","Workflow","/Inventory/Warehouse/List","Inventory.Warehouse.Edit","PUT","Seeded company context, authorized test user, and valid Warehouse data where applicable.","Open /Inventory/Warehouse/List; create or select a record in the required status; execute the workflow action linked to Inventory.Warehouse.Edit; verify status, audit trail, downstream data, and unavailable invalid next actions.","Workflow transition succeeds only from valid state, updates visible status, and preserves permission and audit behavior.","Sign in as a user without Inventory.Warehouse.Edit; menu/action must be hidden or disabled, and direct navigation/action must be denied.","Switch English/Arabic and verify labels, direction, validation messages, and action alignment remain usable.","","",""
"UAT-0086","Inventory","Warehouse","Select","General","/Inventory/Dashboard","Inventory.Warehouse.Select","No direct endpoint found or covered through parent UI/service","Seeded company context, authorized test user, and valid Warehouse data where applicable.","Open /Inventory/Dashboard; verify page loads; search/filter if available; inspect details; check pagination/sorting where present; verify empty-state and refresh behavior.","Warehouse page/function is reachable, usable, permission-protected, and data is consistent with backend behavior.","Sign in as a user without Inventory.Warehouse.Select; menu/action must be hidden or disabled, and direct navigation/action must be denied.","Switch English/Arabic and verify labels, direction, validation messages, and action alignment remain usable.","","",""
"UAT-0087","Inventory","Warehouse","View","Workflow","/Inventories/List","Inventory.Warehouse.View","GET","Seeded company context, authorized test user, and valid Warehouse data where applicable.","Open /Inventories/List; create or select a record in the required status; execute the workflow action linked to Inventory.Warehouse.View; verify status, audit trail, downstream data, and unavailable invalid next actions.","Workflow transition succeeds only from valid state, updates visible status, and preserves permission and audit behavior.","Sign in as a user without Inventory.Warehouse.View; menu/action must be hidden or disabled, and direct navigation/action must be denied.","Switch English/Arabic and verify labels, direction, validation messages, and action alignment remain usable.","","",""
"UAT-0337","Inventory","Warehouses","Navigation/access","View/List","/Inventory/Warehouse/List","PermissionList.InventoryPermissions.Select","Menu route and page load","Authorized user has the menu permission and company/session context is selected.","Open sidebar/workspace menu; click Warehouses; verify route /Inventory/Warehouse/List loads without authorization or data errors.","Warehouses is visible for authorized users and the target page loads successfully.","Remove the listed permission from the test role; menu item should be hidden and direct route should not expose data.","Switch English/Arabic and verify menu label, route page title, and layout direction.","","","Menu coverage row"
"UAT-0048","Organization","Administration","Create","Workflow","/Organization/Administration/List","Organization.Administration.Create","POST","Seeded company context, authorized test user, and valid Administration data where applicable.","Open /Organization/Administration/List; create or select a record in the required status; execute the workflow action linked to Organization.Administration.Create; verify status, audit trail, downstream data, and unavailable invalid next actions.","Workflow transition succeeds only from valid state, updates visible status, and preserves permission and audit behavior.","Sign in as a user without Organization.Administration.Create; menu/action must be hidden or disabled, and direct navigation/action must be denied.","Switch English/Arabic and verify labels, direction, validation messages, and action alignment remain usable.","","",""
"UAT-0050","Organization","Administration","Delete","Workflow","/Organization/Administration/List","Organization.Administration.Delete","DELETE","Seeded company context, authorized test user, and valid Administration data where applicable.","Open /Organization/Administration/List; create or select a record in the required status; execute the workflow action linked to Organization.Administration.Delete; verify status, audit trail, downstream data, and unavailable invalid next actions.","Workflow transition succeeds only from valid state, updates visible status, and preserves permission and audit behavior.","Sign in as a user without Organization.Administration.Delete; menu/action must be hidden or disabled, and direct navigation/action must be denied.","Switch English/Arabic and verify labels, direction, validation messages, and action alignment remain usable.","","",""
"UAT-0049","Organization","Administration","Edit","Workflow","/Organization/Administration/List","Organization.Administration.Edit","PUT","Seeded company context, authorized test user, and valid Administration data where applicable.","Open /Organization/Administration/List; create or select a record in the required status; execute the workflow action linked to Organization.Administration.Edit; verify status, audit trail, downstream data, and unavailable invalid next actions.","Workflow transition succeeds only from valid state, updates visible status, and preserves permission and audit behavior.","Sign in as a user without Organization.Administration.Edit; menu/action must be hidden or disabled, and direct navigation/action must be denied.","Switch English/Arabic and verify labels, direction, validation messages, and action alignment remain usable.","","",""
"UAT-0046","Organization","Administration","Select","General","/Organization/Dashboard","Organization.Administration.Select","No direct endpoint found or covered through parent UI/service","Seeded company context, authorized test user, and valid Administration data where applicable.","Open /Organization/Dashboard; verify page loads; search/filter if available; inspect details; check pagination/sorting where present; verify empty-state and refresh behavior.","Administration page/function is reachable, usable, permission-protected, and data is consistent with backend behavior.","Sign in as a user without Organization.Administration.Select; menu/action must be hidden or disabled, and direct navigation/action must be denied.","Switch English/Arabic and verify labels, direction, validation messages, and action alignment remain usable.","","",""
"UAT-0047","Organization","Administration","View","Workflow","/Organization/Department/List","Organization.Administration.View","GET","Seeded company context, authorized test user, and valid Administration data where applicable.","Open /Organization/Department/List; create or select a record in the required status; execute the workflow action linked to Organization.Administration.View; verify status, audit trail, downstream data, and unavailable invalid next actions.","Workflow transition succeeds only from valid state, updates visible status, and preserves permission and audit behavior.","Sign in as a user without Organization.Administration.View; menu/action must be hidden or disabled, and direct navigation/action must be denied.","Switch English/Arabic and verify labels, direction, validation messages, and action alignment remain usable.","","",""
"UAT-0292","Organization","Administrations","Navigation/access","View/List","/Organization/Administration/List","PermissionList.BranchPermissions.View","Menu route and page load","Authorized user has the menu permission and company/session context is selected.","Open sidebar/workspace menu; click Administrations; verify route /Organization/Administration/List loads without authorization or data errors.","Administrations is visible for authorized users and the target page loads successfully.","Remove the listed permission from the test role; menu item should be hidden and direct route should not expose data.","Switch English/Arabic and verify menu label, route page title, and layout direction.","","","Menu coverage row"
"UAT-0043","Organization","Branch","Create","Workflow","/Organization/Branch/List","Organization.Branch.Create","POST","Seeded company context, authorized test user, and valid Branch data where applicable.","Open /Organization/Branch/List; create or select a record in the required status; execute the workflow action linked to Organization.Branch.Create; verify status, audit trail, downstream data, and unavailable invalid next actions.","Workflow transition succeeds only from valid state, updates visible status, and preserves permission and audit behavior.","Sign in as a user without Organization.Branch.Create; menu/action must be hidden or disabled, and direct navigation/action must be denied.","Switch English/Arabic and verify labels, direction, validation messages, and action alignment remain usable.","","",""
"UAT-0045","Organization","Branch","Delete","Workflow","/Organization/Branch/List","Organization.Branch.Delete","DELETE","Seeded company context, authorized test user, and valid Branch data where applicable.","Open /Organization/Branch/List; create or select a record in the required status; execute the workflow action linked to Organization.Branch.Delete; verify status, audit trail, downstream data, and unavailable invalid next actions.","Workflow transition succeeds only from valid state, updates visible status, and preserves permission and audit behavior.","Sign in as a user without Organization.Branch.Delete; menu/action must be hidden or disabled, and direct navigation/action must be denied.","Switch English/Arabic and verify labels, direction, validation messages, and action alignment remain usable.","","",""
"UAT-0044","Organization","Branch","Edit","Workflow","/Organization/Branch/List","Organization.Branch.Edit","PUT","Seeded company context, authorized test user, and valid Branch data where applicable.","Open /Organization/Branch/List; create or select a record in the required status; execute the workflow action linked to Organization.Branch.Edit; verify status, audit trail, downstream data, and unavailable invalid next actions.","Workflow transition succeeds only from valid state, updates visible status, and preserves permission and audit behavior.","Sign in as a user without Organization.Branch.Edit; menu/action must be hidden or disabled, and direct navigation/action must be denied.","Switch English/Arabic and verify labels, direction, validation messages, and action alignment remain usable.","","",""
"UAT-0041","Organization","Branch","Select","General","/Organization/Dashboard","Organization.Branch.Select","No direct endpoint found or covered through parent UI/service","Seeded company context, authorized test user, and valid Branch data where applicable.","Open /Organization/Dashboard; verify page loads; search/filter if available; inspect details; check pagination/sorting where present; verify empty-state and refresh behavior.","Branch page/function is reachable, usable, permission-protected, and data is consistent with backend behavior.","Sign in as a user without Organization.Branch.Select; menu/action must be hidden or disabled, and direct navigation/action must be denied.","Switch English/Arabic and verify labels, direction, validation messages, and action alignment remain usable.","","",""
"UAT-0042","Organization","Branch","View","Workflow","/Organization/Administration/List","Organization.Branch.View","GET","Seeded company context, authorized test user, and valid Branch data where applicable.","Open /Organization/Administration/List; create or select a record in the required status; execute the workflow action linked to Organization.Branch.View; verify status, audit trail, downstream data, and unavailable invalid next actions.","Workflow transition succeeds only from valid state, updates visible status, and preserves permission and audit behavior.","Sign in as a user without Organization.Branch.View; menu/action must be hidden or disabled, and direct navigation/action must be denied.","Switch English/Arabic and verify labels, direction, validation messages, and action alignment remain usable.","","",""
"UAT-0291","Organization","Branches","Navigation/access","View/List","/Organization/Branch/List","PermissionList.CompanyPermissions.ViewChild","Menu route and page load","Authorized user has the menu permission and company/session context is selected.","Open sidebar/workspace menu; click Branches; verify route /Organization/Branch/List loads without authorization or data errors.","Branches is visible for authorized users and the target page loads successfully.","Remove the listed permission from the test role; menu item should be hidden and direct route should not expose data.","Switch English/Arabic and verify menu label, route page title, and layout direction.","","","Menu coverage row"
"UAT-0290","Organization","Child Companies","Navigation/access","View/List","/Organization/ChildCompanies","PermissionList.CompanyPermissions.View","Menu route and page load","Authorized user has the menu permission and company/session context is selected.","Open sidebar/workspace menu; click Child Companies; verify route /Organization/ChildCompanies loads without authorization or data errors.","Child Companies is visible for authorized users and the target page loads successfully.","Remove the listed permission from the test role; menu item should be hidden and direct route should not expose data.","Switch English/Arabic and verify menu label, route page title, and layout direction.","","","Menu coverage row"
"UAT-0033","Organization","Company","Create","Workflow","/Organization/Dashboard","Organization.Company.Create","POST","Seeded company context, authorized test user, and valid Company data where applicable.","Open /Organization/Dashboard; create or select a record in the required status; execute the workflow action linked to Organization.Company.Create; verify status, audit trail, downstream data, and unavailable invalid next actions.","Workflow transition succeeds only from valid state, updates visible status, and preserves permission and audit behavior.","Sign in as a user without Organization.Company.Create; menu/action must be hidden or disabled, and direct navigation/action must be denied.","Switch English/Arabic and verify labels, direction, validation messages, and action alignment remain usable.","","",""
"UAT-0037","Organization","Company","CreateChild","Workflow","/Organization/ChildCompanies","Organization.Company.CreateChild","POST","Seeded company context, authorized test user, and valid Company data where applicable.","Open /Organization/ChildCompanies; create or select a record in the required status; execute the workflow action linked to Organization.Company.CreateChild; verify status, audit trail, downstream data, and unavailable invalid next actions.","Workflow transition succeeds only from valid state, updates visible status, and preserves permission and audit behavior.","Sign in as a user without Organization.Company.CreateChild; menu/action must be hidden or disabled, and direct navigation/action must be denied.","Switch English/Arabic and verify labels, direction, validation messages, and action alignment remain usable.","","",""
"UAT-0035","Organization","Company","Delete","Workflow","/Organization/Dashboard","Organization.Company.Delete","DELETE","Seeded company context, authorized test user, and valid Company data where applicable.","Open /Organization/Dashboard; create or select a record in the required status; execute the workflow action linked to Organization.Company.Delete; verify status, audit trail, downstream data, and unavailable invalid next actions.","Workflow transition succeeds only from valid state, updates visible status, and preserves permission and audit behavior.","Sign in as a user without Organization.Company.Delete; menu/action must be hidden or disabled, and direct navigation/action must be denied.","Switch English/Arabic and verify labels, direction, validation messages, and action alignment remain usable.","","",""
"UAT-0039","Organization","Company","DisableChild","Workflow","/Organization/ChildCompanies","Organization.Company.DisableChild","PATCH","Seeded company context, authorized test user, and valid Company data where applicable.","Open /Organization/ChildCompanies; create or select a record in the required status; execute the workflow action linked to Organization.Company.DisableChild; verify status, audit trail, downstream data, and unavailable invalid next actions.","Workflow transition succeeds only from valid state, updates visible status, and preserves permission and audit behavior.","Sign in as a user without Organization.Company.DisableChild; menu/action must be hidden or disabled, and direct navigation/action must be denied.","Switch English/Arabic and verify labels, direction, validation messages, and action alignment remain usable.","","",""
"UAT-0034","Organization","Company","Edit","Workflow","/Organization/Dashboard","Organization.Company.Edit","PUT","Seeded company context, authorized test user, and valid Company data where applicable.","Open /Organization/Dashboard; create or select a record in the required status; execute the workflow action linked to Organization.Company.Edit; verify status, audit trail, downstream data, and unavailable invalid next actions.","Workflow transition succeeds only from valid state, updates visible status, and preserves permission and audit behavior.","Sign in as a user without Organization.Company.Edit; menu/action must be hidden or disabled, and direct navigation/action must be denied.","Switch English/Arabic and verify labels, direction, validation messages, and action alignment remain usable.","","",""
"UAT-0038","Organization","Company","EditChild","Workflow","/Organization/ChildCompanies","Organization.Company.EditChild","PUT","Seeded company context, authorized test user, and valid Company data where applicable.","Open /Organization/ChildCompanies; create or select a record in the required status; execute the workflow action linked to Organization.Company.EditChild; verify status, audit trail, downstream data, and unavailable invalid next actions.","Workflow transition succeeds only from valid state, updates visible status, and preserves permission and audit behavior.","Sign in as a user without Organization.Company.EditChild; menu/action must be hidden or disabled, and direct navigation/action must be denied.","Switch English/Arabic and verify labels, direction, validation messages, and action alignment remain usable.","","",""
"UAT-0289","Organization","Company","Navigation/access","View/List","/Organization/Company/List","PermissionList.CompanyPermissions.Select","Menu route and page load","Authorized user has the menu permission and company/session context is selected.","Open sidebar/workspace menu; click Company; verify route /Organization/Company/List loads without authorization or data errors.","Company is visible for authorized users and the target page loads successfully.","Remove the listed permission from the test role; menu item should be hidden and direct route should not expose data.","Switch English/Arabic and verify menu label, route page title, and layout direction.","","","Menu coverage row"
"UAT-0040","Organization","Company","ResetChildAdminPassword","Workflow","/Organization/ChildCompanies","Organization.Company.ResetChildAdminPassword","POST","Seeded company context, authorized test user, and valid Company data where applicable.","Open /Organization/ChildCompanies; create or select a record in the required status; execute the workflow action linked to Organization.Company.ResetChildAdminPassword; verify status, audit trail, downstream data, and unavailable invalid next actions.","Workflow transition succeeds only from valid state, updates visible status, and preserves permission and audit behavior.","Sign in as a user without Organization.Company.ResetChildAdminPassword; menu/action must be hidden or disabled, and direct navigation/action must be denied.","Switch English/Arabic and verify labels, direction, validation messages, and action alignment remain usable.","","",""
"UAT-0031","Organization","Company","Select","General","/Organization/Dashboard","Organization.Company.Select","No direct endpoint found or covered through parent UI/service","Seeded company context, authorized test user, and valid Company data where applicable.","Open /Organization/Dashboard; verify page loads; search/filter if available; inspect details; check pagination/sorting where present; verify empty-state and refresh behavior.","Company page/function is reachable, usable, permission-protected, and data is consistent with backend behavior.","Sign in as a user without Organization.Company.Select; menu/action must be hidden or disabled, and direct navigation/action must be denied.","Switch English/Arabic and verify labels, direction, validation messages, and action alignment remain usable.","","",""
"UAT-0032","Organization","Company","View","Workflow","/Organization/ChildCompanies","Organization.Company.View","GET","Seeded company context, authorized test user, and valid Company data where applicable.","Open /Organization/ChildCompanies; create or select a record in the required status; execute the workflow action linked to Organization.Company.View; verify status, audit trail, downstream data, and unavailable invalid next actions.","Workflow transition succeeds only from valid state, updates visible status, and preserves permission and audit behavior.","Sign in as a user without Organization.Company.View; menu/action must be hidden or disabled, and direct navigation/action must be denied.","Switch English/Arabic and verify labels, direction, validation messages, and action alignment remain usable.","","",""
"UAT-0036","Organization","Company","ViewChild","Workflow","/Organization/Branch/List","Organization.Company.ViewChild","GET","Seeded company context, authorized test user, and valid Company data where applicable.","Open /Organization/Branch/List; create or select a record in the required status; execute the workflow action linked to Organization.Company.ViewChild; verify status, audit trail, downstream data, and unavailable invalid next actions.","Workflow transition succeeds only from valid state, updates visible status, and preserves permission and audit behavior.","Sign in as a user without Organization.Company.ViewChild; menu/action must be hidden or disabled, and direct navigation/action must be denied.","Switch English/Arabic and verify labels, direction, validation messages, and action alignment remain usable.","","",""
"UAT-0288","Organization","Dashboard","Navigation/access","View/List","/Organization/Dashboard","$""{PermissionList.CompanyPermissions.Select}""","Menu route and page load","Authorized user has the menu permission and company/session context is selected.","Open sidebar/workspace menu; click Dashboard; verify route /Organization/Dashboard loads without authorization or data errors.","Dashboard is visible for authorized users and the target page loads successfully.","Remove the listed permission from the test role; menu item should be hidden and direct route should not expose data.","Switch English/Arabic and verify menu label, route page title, and layout direction.","","","Menu coverage row"
"UAT-0053","Organization","Department","Create","Create","/Organization/Department/List","Organization.Department.Create","No direct endpoint found or covered through parent UI/service","Seeded company context, authorized test user, and valid Department data where applicable.","Open /Organization/Department/List; click Add/New; enter valid required data; save; confirm success toast and new row/detail is visible; repeat with missing required data to verify validation.","Department is created only with valid data, visible in the UI, and persisted after reload.","Sign in as a user without Organization.Department.Create; menu/action must be hidden or disabled, and direct navigation/action must be denied.","Switch English/Arabic and verify labels, direction, validation messages, and action alignment remain usable.","","",""
"UAT-0055","Organization","Department","Delete","Workflow","/Organization/Department/List","Organization.Department.Delete","DELETE","Seeded company context, authorized test user, and valid Department data where applicable.","Open /Organization/Department/List; create or select a record in the required status; execute the workflow action linked to Organization.Department.Delete; verify status, audit trail, downstream data, and unavailable invalid next actions.","Workflow transition succeeds only from valid state, updates visible status, and preserves permission and audit behavior.","Sign in as a user without Organization.Department.Delete; menu/action must be hidden or disabled, and direct navigation/action must be denied.","Switch English/Arabic and verify labels, direction, validation messages, and action alignment remain usable.","","",""
"UAT-0054","Organization","Department","Edit","Workflow","/Organization/Department/List","Organization.Department.Edit","PUT","Seeded company context, authorized test user, and valid Department data where applicable.","Open /Organization/Department/List; create or select a record in the required status; execute the workflow action linked to Organization.Department.Edit; verify status, audit trail, downstream data, and unavailable invalid next actions.","Workflow transition succeeds only from valid state, updates visible status, and preserves permission and audit behavior.","Sign in as a user without Organization.Department.Edit; menu/action must be hidden or disabled, and direct navigation/action must be denied.","Switch English/Arabic and verify labels, direction, validation messages, and action alignment remain usable.","","",""
"UAT-0051","Organization","Department","Select","General","/Organization/Dashboard","Organization.Department.Select","No direct endpoint found or covered through parent UI/service","Seeded company context, authorized test user, and valid Department data where applicable.","Open /Organization/Dashboard; verify page loads; search/filter if available; inspect details; check pagination/sorting where present; verify empty-state and refresh behavior.","Department page/function is reachable, usable, permission-protected, and data is consistent with backend behavior.","Sign in as a user without Organization.Department.Select; menu/action must be hidden or disabled, and direct navigation/action must be denied.","Switch English/Arabic and verify labels, direction, validation messages, and action alignment remain usable.","","",""
"UAT-0052","Organization","Department","View","Workflow","/Organization/Department/List","Organization.Department.View","GET","Seeded company context, authorized test user, and valid Department data where applicable.","Open /Organization/Department/List; create or select a record in the required status; execute the workflow action linked to Organization.Department.View; verify status, audit trail, downstream data, and unavailable invalid next actions.","Workflow transition succeeds only from valid state, updates visible status, and preserves permission and audit behavior.","Sign in as a user without Organization.Department.View; menu/action must be hidden or disabled, and direct navigation/action must be denied.","Switch English/Arabic and verify labels, direction, validation messages, and action alignment remain usable.","","",""
"UAT-0293","Organization","Departments","Navigation/access","View/List","/Organization/Department/List","PermissionList.AdministrationPermissions.View","Menu route and page load","Authorized user has the menu permission and company/session context is selected.","Open sidebar/workspace menu; click Departments; verify route /Organization/Department/List loads without authorization or data errors.","Departments is visible for authorized users and the target page loads successfully.","Remove the listed permission from the test role; menu item should be hidden and direct route should not expose data.","Switch English/Arabic and verify menu label, route page title, and layout direction.","","","Menu coverage row"
"UAT-0324","Payroll","Assign Contract","Navigation/access","View/List","/Payroll/AssignContract","PermissionList.PayrollContractPermissions.View","Menu route and page load","Authorized user has the menu permission and company/session context is selected.","Open sidebar/workspace menu; click Assign Contract; verify route /Payroll/AssignContract loads without authorization or data errors.","Assign Contract is visible for authorized users and the target page loads successfully.","Remove the listed permission from the test role; menu item should be hidden and direct route should not expose data.","Switch English/Arabic and verify menu label, route page title, and layout direction.","","","Menu coverage row"
"UAT-0221","Payroll","Contract","Create","Workflow","/Payroll/AssignContract","Payroll.Contract.Create","POST","Seeded company context, authorized test user, and valid Contract data where applicable.","Open /Payroll/AssignContract; create or select a record in the required status; execute the workflow action linked to Payroll.Contract.Create; verify status, audit trail, downstream data, and unavailable invalid next actions.","Workflow transition succeeds only from valid state, updates visible status, and preserves permission and audit behavior.","Sign in as a user without Payroll.Contract.Create; menu/action must be hidden or disabled, and direct navigation/action must be denied.","Switch English/Arabic and verify labels, direction, validation messages, and action alignment remain usable.","","",""
"UAT-0223","Payroll","Contract","Delete","Workflow","/Payroll/Components","Payroll.Contract.Delete","DELETE","Seeded company context, authorized test user, and valid Contract data where applicable.","Open /Payroll/Components; create or select a record in the required status; execute the workflow action linked to Payroll.Contract.Delete; verify status, audit trail, downstream data, and unavailable invalid next actions.","Workflow transition succeeds only from valid state, updates visible status, and preserves permission and audit behavior.","Sign in as a user without Payroll.Contract.Delete; menu/action must be hidden or disabled, and direct navigation/action must be denied.","Switch English/Arabic and verify labels, direction, validation messages, and action alignment remain usable.","","",""
"UAT-0222","Payroll","Contract","Edit","Workflow","/Payroll/Components","Payroll.Contract.Edit","PUT","Seeded company context, authorized test user, and valid Contract data where applicable.","Open /Payroll/Components; create or select a record in the required status; execute the workflow action linked to Payroll.Contract.Edit; verify status, audit trail, downstream data, and unavailable invalid next actions.","Workflow transition succeeds only from valid state, updates visible status, and preserves permission and audit behavior.","Sign in as a user without Payroll.Contract.Edit; menu/action must be hidden or disabled, and direct navigation/action must be denied.","Switch English/Arabic and verify labels, direction, validation messages, and action alignment remain usable.","","",""
"UAT-0219","Payroll","Contract","Select","General","/Payroll/AssignContract","Payroll.Contract.Select","No direct endpoint found or covered through parent UI/service","Seeded company context, authorized test user, and valid Contract data where applicable.","Open /Payroll/AssignContract; verify page loads; search/filter if available; inspect details; check pagination/sorting where present; verify empty-state and refresh behavior.","Contract page/function is reachable, usable, permission-protected, and data is consistent with backend behavior.","Sign in as a user without Payroll.Contract.Select; menu/action must be hidden or disabled, and direct navigation/action must be denied.","Switch English/Arabic and verify labels, direction, validation messages, and action alignment remain usable.","","",""
"UAT-0220","Payroll","Contract","View","View/List","/Payroll/AssignContract","Payroll.Contract.View","GET","Seeded company context, authorized test user, and valid Contract data where applicable.","Open /Payroll/AssignContract; verify page loads; search/filter if available; inspect details; check pagination/sorting where present; verify empty-state and refresh behavior.","Contract page/function is reachable, usable, permission-protected, and data is consistent with backend behavior.","Sign in as a user without Payroll.Contract.View; menu/action must be hidden or disabled, and direct navigation/action must be denied.","Switch English/Arabic and verify labels, direction, validation messages, and action alignment remain usable.","","",""
"UAT-0322","Payroll","Generate Salaries","Navigation/access","View/List","/Payroll/SalaryRuns","PermissionList.SalaryRunPermissions.Select","Menu route and page load","Authorized user has the menu permission and company/session context is selected.","Open sidebar/workspace menu; click Generate Salaries; verify route /Payroll/SalaryRuns loads without authorization or data errors.","Generate Salaries is visible for authorized users and the target page loads successfully.","Remove the listed permission from the test role; menu item should be hidden and direct route should not expose data.","Switch English/Arabic and verify menu label, route page title, and layout direction.","","","Menu coverage row"
"UAT-0234","Payroll","Loan","Approve","Workflow","/Payroll/Loans","Payroll.Loan.Approve","POST","Seeded company context, authorized test user, and valid Loan data where applicable.","Open /Payroll/Loans; create or select a record in the required status; execute the workflow action linked to Payroll.Loan.Approve; verify status, audit trail, downstream data, and unavailable invalid next actions.","Workflow transition succeeds only from valid state, updates visible status, and preserves permission and audit behavior.","Sign in as a user without Payroll.Loan.Approve; menu/action must be hidden or disabled, and direct navigation/action must be denied.","Switch English/Arabic and verify labels, direction, validation messages, and action alignment remain usable.","","",""
"UAT-0235","Payroll","Loan","Cancel","Workflow","/Payroll/Loans","Payroll.Loan.Cancel","POST","Seeded company context, authorized test user, and valid Loan data where applicable.","Open /Payroll/Loans; create or select a record in the required status; execute the workflow action linked to Payroll.Loan.Cancel; verify status, audit trail, downstream data, and unavailable invalid next actions.","Workflow transition succeeds only from valid state, updates visible status, and preserves permission and audit behavior.","Sign in as a user without Payroll.Loan.Cancel; menu/action must be hidden or disabled, and direct navigation/action must be denied.","Switch English/Arabic and verify labels, direction, validation messages, and action alignment remain usable.","","",""
"UAT-0232","Payroll","Loan","Create","Workflow","/Payroll/Loans","Payroll.Loan.Create","POST","Seeded company context, authorized test user, and valid Loan data where applicable.","Open /Payroll/Loans; create or select a record in the required status; execute the workflow action linked to Payroll.Loan.Create; verify status, audit trail, downstream data, and unavailable invalid next actions.","Workflow transition succeeds only from valid state, updates visible status, and preserves permission and audit behavior.","Sign in as a user without Payroll.Loan.Create; menu/action must be hidden or disabled, and direct navigation/action must be denied.","Switch English/Arabic and verify labels, direction, validation messages, and action alignment remain usable.","","",""
"UAT-0233","Payroll","Loan","Edit","Workflow","/Payroll/Loans","Payroll.Loan.Edit","PUT","Seeded company context, authorized test user, and valid Loan data where applicable.","Open /Payroll/Loans; create or select a record in the required status; execute the workflow action linked to Payroll.Loan.Edit; verify status, audit trail, downstream data, and unavailable invalid next actions.","Workflow transition succeeds only from valid state, updates visible status, and preserves permission and audit behavior.","Sign in as a user without Payroll.Loan.Edit; menu/action must be hidden or disabled, and direct navigation/action must be denied.","Switch English/Arabic and verify labels, direction, validation messages, and action alignment remain usable.","","",""
"UAT-0230","Payroll","Loan","Select","General","/Payroll/AssignContract","Payroll.Loan.Select","No direct endpoint found or covered through parent UI/service","Seeded company context, authorized test user, and valid Loan data where applicable.","Open /Payroll/AssignContract; verify page loads; search/filter if available; inspect details; check pagination/sorting where present; verify empty-state and refresh behavior.","Loan page/function is reachable, usable, permission-protected, and data is consistent with backend behavior.","Sign in as a user without Payroll.Loan.Select; menu/action must be hidden or disabled, and direct navigation/action must be denied.","Switch English/Arabic and verify labels, direction, validation messages, and action alignment remain usable.","","",""
"UAT-0231","Payroll","Loan","View","View/List","/Payroll/Loans","Payroll.Loan.View","GET","Seeded company context, authorized test user, and valid Loan data where applicable.","Open /Payroll/Loans; verify page loads; search/filter if available; inspect details; check pagination/sorting where present; verify empty-state and refresh behavior.","Loan page/function is reachable, usable, permission-protected, and data is consistent with backend behavior.","Sign in as a user without Payroll.Loan.View; menu/action must be hidden or disabled, and direct navigation/action must be denied.","Switch English/Arabic and verify labels, direction, validation messages, and action alignment remain usable.","","",""
"UAT-0326","Payroll","Loans & Deductions","Navigation/access","View/List","/Payroll/Loans","PermissionList.PayrollContractPermissions.View","Menu route and page load","Authorized user has the menu permission and company/session context is selected.","Open sidebar/workspace menu; click Loans & Deductions; verify route /Payroll/Loans loads without authorization or data errors.","Loans & Deductions is visible for authorized users and the target page loads successfully.","Remove the listed permission from the test role; menu item should be hidden and direct route should not expose data.","Switch English/Arabic and verify menu label, route page title, and layout direction.","","","Menu coverage row"
"UAT-0325","Payroll","Payroll Components","Navigation/access","View/List","/Payroll/Components","PermissionList.PayrollContractPermissions.View","Menu route and page load","Authorized user has the menu permission and company/session context is selected.","Open sidebar/workspace menu; click Payroll Components; verify route /Payroll/Components loads without authorization or data errors.","Payroll Components is visible for authorized users and the target page loads successfully.","Remove the listed permission from the test role; menu item should be hidden and direct route should not expose data.","Switch English/Arabic and verify menu label, route page title, and layout direction.","","","Menu coverage row"
"UAT-0323","Payroll","Salary Contracts","Navigation/access","View/List","/Payroll/Contracts","PermissionList.SalaryRunPermissions.View","Menu route and page load","Authorized user has the menu permission and company/session context is selected.","Open sidebar/workspace menu; click Salary Contracts; verify route /Payroll/Contracts loads without authorization or data errors.","Salary Contracts is visible for authorized users and the target page loads successfully.","Remove the listed permission from the test role; menu item should be hidden and direct route should not expose data.","Switch English/Arabic and verify menu label, route page title, and layout direction.","","","Menu coverage row"
"UAT-0229","Payroll","SalaryRun","AdminOverride","General","/Payroll/SalaryRuns","Payroll.SalaryRun.AdminOverride","No direct endpoint found or covered through parent UI/service","Seeded company context, authorized test user, and valid SalaryRun data where applicable.","Open /Payroll/SalaryRuns; verify page loads; search/filter if available; inspect details; check pagination/sorting where present; verify empty-state and refresh behavior.","SalaryRun page/function is reachable, usable, permission-protected, and data is consistent with backend behavior.","Sign in as a user without Payroll.SalaryRun.AdminOverride; menu/action must be hidden or disabled, and direct navigation/action must be denied.","Switch English/Arabic and verify labels, direction, validation messages, and action alignment remain usable.","","",""
"UAT-0228","Payroll","SalaryRun","Approve","Workflow","/Payroll/SalaryRuns","Payroll.SalaryRun.Approve","POST","Seeded company context, authorized test user, and valid SalaryRun data where applicable.","Open /Payroll/SalaryRuns; create or select a record in the required status; execute the workflow action linked to Payroll.SalaryRun.Approve; verify status, audit trail, downstream data, and unavailable invalid next actions.","Workflow transition succeeds only from valid state, updates visible status, and preserves permission and audit behavior.","Sign in as a user without Payroll.SalaryRun.Approve; menu/action must be hidden or disabled, and direct navigation/action must be denied.","Switch English/Arabic and verify labels, direction, validation messages, and action alignment remain usable.","","",""
"UAT-0226","Payroll","SalaryRun","Create","Workflow","/Payroll/SalaryRuns","Payroll.SalaryRun.Create","POST","Seeded company context, authorized test user, and valid SalaryRun data where applicable.","Open /Payroll/SalaryRuns; create or select a record in the required status; execute the workflow action linked to Payroll.SalaryRun.Create; verify status, audit trail, downstream data, and unavailable invalid next actions.","Workflow transition succeeds only from valid state, updates visible status, and preserves permission and audit behavior.","Sign in as a user without Payroll.SalaryRun.Create; menu/action must be hidden or disabled, and direct navigation/action must be denied.","Switch English/Arabic and verify labels, direction, validation messages, and action alignment remain usable.","","",""
"UAT-0227","Payroll","SalaryRun","Edit","Workflow","/Payroll/SalaryRuns","Payroll.SalaryRun.Edit","POST","Seeded company context, authorized test user, and valid SalaryRun data where applicable.","Open /Payroll/SalaryRuns; create or select a record in the required status; execute the workflow action linked to Payroll.SalaryRun.Edit; verify status, audit trail, downstream data, and unavailable invalid next actions.","Workflow transition succeeds only from valid state, updates visible status, and preserves permission and audit behavior.","Sign in as a user without Payroll.SalaryRun.Edit; menu/action must be hidden or disabled, and direct navigation/action must be denied.","Switch English/Arabic and verify labels, direction, validation messages, and action alignment remain usable.","","",""
"UAT-0224","Payroll","SalaryRun","Select","General","/Payroll/SalaryRuns","Payroll.SalaryRun.Select","No direct endpoint found or covered through parent UI/service","Seeded company context, authorized test user, and valid SalaryRun data where applicable.","Open /Payroll/SalaryRuns; verify page loads; search/filter if available; inspect details; check pagination/sorting where present; verify empty-state and refresh behavior.","SalaryRun page/function is reachable, usable, permission-protected, and data is consistent with backend behavior.","Sign in as a user without Payroll.SalaryRun.Select; menu/action must be hidden or disabled, and direct navigation/action must be denied.","Switch English/Arabic and verify labels, direction, validation messages, and action alignment remain usable.","","",""
"UAT-0225","Payroll","SalaryRun","View","Workflow","/Payroll/Contracts","Payroll.SalaryRun.View","GET","Seeded company context, authorized test user, and valid SalaryRun data where applicable.","Open /Payroll/Contracts; create or select a record in the required status; execute the workflow action linked to Payroll.SalaryRun.View; verify status, audit trail, downstream data, and unavailable invalid next actions.","Workflow transition succeeds only from valid state, updates visible status, and preserves permission and audit behavior.","Sign in as a user without Payroll.SalaryRun.View; menu/action must be hidden or disabled, and direct navigation/action must be denied.","Switch English/Arabic and verify labels, direction, validation messages, and action alignment remain usable.","","",""
"UAT-0352","Procurement","Goods Receipts","Navigation/access","View/List","/Procurement/goods-receipts","PermissionList.PurchaseOrderPermissions.View","Menu route and page load","Authorized user has the menu permission and company/session context is selected.","Open sidebar/workspace menu; click Goods Receipts; verify route /Procurement/goods-receipts loads without authorization or data errors.","Goods Receipts is visible for authorized users and the target page loads successfully.","Remove the listed permission from the test role; menu item should be hidden and direct route should not expose data.","Switch English/Arabic and verify menu label, route page title, and layout direction.","","","Menu coverage row"
"UAT-0203","Procurement","GoodsReceipt","Cancel","Workflow","/Procurement/Dashboard","Procurement.GoodsReceipt.Cancel","No direct endpoint found or covered through parent UI/service","Seeded company context, authorized test user, and valid GoodsReceipt data where applicable.","Open /Procurement/Dashboard; create or select a record in the required status; execute the workflow action linked to Procurement.GoodsReceipt.Cancel; verify status, audit trail, downstream data, and unavailable invalid next actions.","Workflow transition succeeds only from valid state, updates visible status, and preserves permission and audit behavior.","Sign in as a user without Procurement.GoodsReceipt.Cancel; menu/action must be hidden or disabled, and direct navigation/action must be denied.","Switch English/Arabic and verify labels, direction, validation messages, and action alignment remain usable.","","",""
"UAT-0199","Procurement","GoodsReceipt","Create","Create","/Procurement/Dashboard","Procurement.GoodsReceipt.Create","No direct endpoint found or covered through parent UI/service","Seeded company context, authorized test user, and valid GoodsReceipt data where applicable.","Open /Procurement/Dashboard; click Add/New; enter valid required data; save; confirm success toast and new row/detail is visible; repeat with missing required data to verify validation.","GoodsReceipt is created only with valid data, visible in the UI, and persisted after reload.","Sign in as a user without Procurement.GoodsReceipt.Create; menu/action must be hidden or disabled, and direct navigation/action must be denied.","Switch English/Arabic and verify labels, direction, validation messages, and action alignment remain usable.","","",""
"UAT-0201","Procurement","GoodsReceipt","Delete","Delete","/Procurement/Dashboard","Procurement.GoodsReceipt.Delete","No direct endpoint found or covered through parent UI/service","Seeded company context, authorized test user, and valid GoodsReceipt data where applicable.","Open /Procurement/Dashboard; select a disposable test record; choose Delete/Remove; confirm dialog; verify record is removed or marked inactive and cannot be selected where inappropriate.","GoodsReceipt deletion/removal follows the product rule and no deleted item remains actionable.","Sign in as a user without Procurement.GoodsReceipt.Delete; menu/action must be hidden or disabled, and direct navigation/action must be denied.","Switch English/Arabic and verify labels, direction, validation messages, and action alignment remain usable.","","",""
"UAT-0200","Procurement","GoodsReceipt","Edit","Edit","/Procurement/Dashboard","Procurement.GoodsReceipt.Edit","No direct endpoint found or covered through parent UI/service","Seeded company context, authorized test user, and valid GoodsReceipt data where applicable.","Open /Procurement/Dashboard; select an existing record; edit allowed fields; save; verify success toast and persisted changes after refresh.","GoodsReceipt changes are saved, reloaded correctly, and validation prevents invalid updates.","Sign in as a user without Procurement.GoodsReceipt.Edit; menu/action must be hidden or disabled, and direct navigation/action must be denied.","Switch English/Arabic and verify labels, direction, validation messages, and action alignment remain usable.","","",""
"UAT-0202","Procurement","GoodsReceipt","Receive","Workflow","/Procurement/Dashboard","Procurement.GoodsReceipt.Receive","No direct endpoint found or covered through parent UI/service","Seeded company context, authorized test user, and valid GoodsReceipt data where applicable.","Open /Procurement/Dashboard; create or select a record in the required status; execute the workflow action linked to Procurement.GoodsReceipt.Receive; verify status, audit trail, downstream data, and unavailable invalid next actions.","Workflow transition succeeds only from valid state, updates visible status, and preserves permission and audit behavior.","Sign in as a user without Procurement.GoodsReceipt.Receive; menu/action must be hidden or disabled, and direct navigation/action must be denied.","Switch English/Arabic and verify labels, direction, validation messages, and action alignment remain usable.","","",""
"UAT-0197","Procurement","GoodsReceipt","Select","General","/Procurement/Dashboard","Procurement.GoodsReceipt.Select","No direct endpoint found or covered through parent UI/service","Seeded company context, authorized test user, and valid GoodsReceipt data where applicable.","Open /Procurement/Dashboard; verify page loads; search/filter if available; inspect details; check pagination/sorting where present; verify empty-state and refresh behavior.","GoodsReceipt page/function is reachable, usable, permission-protected, and data is consistent with backend behavior.","Sign in as a user without Procurement.GoodsReceipt.Select; menu/action must be hidden or disabled, and direct navigation/action must be denied.","Switch English/Arabic and verify labels, direction, validation messages, and action alignment remain usable.","","",""
"UAT-0198","Procurement","GoodsReceipt","View","View/List","/Procurement/purchase-returns","Procurement.GoodsReceipt.View","No direct endpoint found or covered through parent UI/service","Seeded company context, authorized test user, and valid GoodsReceipt data where applicable.","Open /Procurement/purchase-returns; verify page loads; search/filter if available; inspect details; check pagination/sorting where present; verify empty-state and refresh behavior.","GoodsReceipt page/function is reachable, usable, permission-protected, and data is consistent with backend behavior.","Sign in as a user without Procurement.GoodsReceipt.View; menu/action must be hidden or disabled, and direct navigation/action must be denied.","Switch English/Arabic and verify labels, direction, validation messages, and action alignment remain usable.","","",""
"UAT-0348","Procurement","Purchase Requests","Navigation/access","View/List","/Procurement/purchase-requests","PermissionList.PurchaseOrderPermissions.Select","Menu route and page load","Authorized user has the menu permission and company/session context is selected.","Open sidebar/workspace menu; click Purchase Requests; verify route /Procurement/purchase-requests loads without authorization or data errors.","Purchase Requests is visible for authorized users and the target page loads successfully.","Remove the listed permission from the test role; menu item should be hidden and direct route should not expose data.","Switch English/Arabic and verify menu label, route page title, and layout direction.","","","Menu coverage row"
"UAT-0353","Procurement","Purchase Returns","Navigation/access","View/List","/Procurement/purchase-returns","PermissionList.GoodsReceiptPermissions.View","Menu route and page load","Authorized user has the menu permission and company/session context is selected.","Open sidebar/workspace menu; click Purchase Returns; verify route /Procurement/purchase-returns loads without authorization or data errors.","Purchase Returns is visible for authorized users and the target page loads successfully.","Remove the listed permission from the test role; menu item should be hidden and direct route should not expose data.","Switch English/Arabic and verify menu label, route page title, and layout direction.","","","Menu coverage row"
"UAT-0193","Procurement","PurchaseOrder","Approve","Workflow","/Procurement/Dashboard","Procurement.PurchaseOrder.Approve","No direct endpoint found or covered through parent UI/service","Seeded company context, authorized test user, and valid PurchaseOrder data where applicable.","Open /Procurement/Dashboard; create or select a record in the required status; execute the workflow action linked to Procurement.PurchaseOrder.Approve; verify status, audit trail, downstream data, and unavailable invalid next actions.","Workflow transition succeeds only from valid state, updates visible status, and preserves permission and audit behavior.","Sign in as a user without Procurement.PurchaseOrder.Approve; menu/action must be hidden or disabled, and direct navigation/action must be denied.","Switch English/Arabic and verify labels, direction, validation messages, and action alignment remain usable.","","",""
"UAT-0194","Procurement","PurchaseOrder","Cancel","Workflow","/Procurement/Dashboard","Procurement.PurchaseOrder.Cancel","No direct endpoint found or covered through parent UI/service","Seeded company context, authorized test user, and valid PurchaseOrder data where applicable.","Open /Procurement/Dashboard; create or select a record in the required status; execute the workflow action linked to Procurement.PurchaseOrder.Cancel; verify status, audit trail, downstream data, and unavailable invalid next actions.","Workflow transition succeeds only from valid state, updates visible status, and preserves permission and audit behavior.","Sign in as a user without Procurement.PurchaseOrder.Cancel; menu/action must be hidden or disabled, and direct navigation/action must be denied.","Switch English/Arabic and verify labels, direction, validation messages, and action alignment remain usable.","","",""
"UAT-0196","Procurement","PurchaseOrder","Close","Workflow","/Procurement/Dashboard","Procurement.PurchaseOrder.Close","No direct endpoint found or covered through parent UI/service","Seeded company context, authorized test user, and valid PurchaseOrder data where applicable.","Open /Procurement/Dashboard; create or select a record in the required status; execute the workflow action linked to Procurement.PurchaseOrder.Close; verify status, audit trail, downstream data, and unavailable invalid next actions.","Workflow transition succeeds only from valid state, updates visible status, and preserves permission and audit behavior.","Sign in as a user without Procurement.PurchaseOrder.Close; menu/action must be hidden or disabled, and direct navigation/action must be denied.","Switch English/Arabic and verify labels, direction, validation messages, and action alignment remain usable.","","",""
"UAT-0189","Procurement","PurchaseOrder","Create","Create","/Procurement/Dashboard","Procurement.PurchaseOrder.Create","No direct endpoint found or covered through parent UI/service","Seeded company context, authorized test user, and valid PurchaseOrder data where applicable.","Open /Procurement/Dashboard; click Add/New; enter valid required data; save; confirm success toast and new row/detail is visible; repeat with missing required data to verify validation.","PurchaseOrder is created only with valid data, visible in the UI, and persisted after reload.","Sign in as a user without Procurement.PurchaseOrder.Create; menu/action must be hidden or disabled, and direct navigation/action must be denied.","Switch English/Arabic and verify labels, direction, validation messages, and action alignment remain usable.","","",""
"UAT-0191","Procurement","PurchaseOrder","Delete","Delete","/Procurement/Dashboard","Procurement.PurchaseOrder.Delete","No direct endpoint found or covered through parent UI/service","Seeded company context, authorized test user, and valid PurchaseOrder data where applicable.","Open /Procurement/Dashboard; select a disposable test record; choose Delete/Remove; confirm dialog; verify record is removed or marked inactive and cannot be selected where inappropriate.","PurchaseOrder deletion/removal follows the product rule and no deleted item remains actionable.","Sign in as a user without Procurement.PurchaseOrder.Delete; menu/action must be hidden or disabled, and direct navigation/action must be denied.","Switch English/Arabic and verify labels, direction, validation messages, and action alignment remain usable.","","",""
"UAT-0190","Procurement","PurchaseOrder","Edit","Edit","/Procurement/Dashboard","Procurement.PurchaseOrder.Edit","No direct endpoint found or covered through parent UI/service","Seeded company context, authorized test user, and valid PurchaseOrder data where applicable.","Open /Procurement/Dashboard; select an existing record; edit allowed fields; save; verify success toast and persisted changes after refresh.","PurchaseOrder changes are saved, reloaded correctly, and validation prevents invalid updates.","Sign in as a user without Procurement.PurchaseOrder.Edit; menu/action must be hidden or disabled, and direct navigation/action must be denied.","Switch English/Arabic and verify labels, direction, validation messages, and action alignment remain usable.","","",""
"UAT-0195","Procurement","PurchaseOrder","Receive","Workflow","/Procurement/Dashboard","Procurement.PurchaseOrder.Receive","No direct endpoint found or covered through parent UI/service","Seeded company context, authorized test user, and valid PurchaseOrder data where applicable.","Open /Procurement/Dashboard; create or select a record in the required status; execute the workflow action linked to Procurement.PurchaseOrder.Receive; verify status, audit trail, downstream data, and unavailable invalid next actions.","Workflow transition succeeds only from valid state, updates visible status, and preserves permission and audit behavior.","Sign in as a user without Procurement.PurchaseOrder.Receive; menu/action must be hidden or disabled, and direct navigation/action must be denied.","Switch English/Arabic and verify labels, direction, validation messages, and action alignment remain usable.","","",""
"UAT-0187","Procurement","PurchaseOrder","Select","Report/Dashboard","/Procurement/Dashboard","Procurement.PurchaseOrder.Select","GET","Seeded company context, authorized test user, and valid PurchaseOrder data where applicable.","Open /Procurement/Dashboard; verify widgets/table load; apply available filters/date range; compare totals with source records; verify empty-state behavior with filters that return no data.","Dashboard/report data loads, filters correctly, and matches underlying transactional records.","Sign in as a user without Procurement.PurchaseOrder.Select; menu/action must be hidden or disabled, and direct navigation/action must be denied.","Switch English/Arabic and verify labels, direction, validation messages, and action alignment remain usable.","","",""
"UAT-0192","Procurement","PurchaseOrder","Submit","Workflow","/Procurement/Dashboard","Procurement.PurchaseOrder.Submit","No direct endpoint found or covered through parent UI/service","Seeded company context, authorized test user, and valid PurchaseOrder data where applicable.","Open /Procurement/Dashboard; create or select a record in the required status; execute the workflow action linked to Procurement.PurchaseOrder.Submit; verify status, audit trail, downstream data, and unavailable invalid next actions.","Workflow transition succeeds only from valid state, updates visible status, and preserves permission and audit behavior.","Sign in as a user without Procurement.PurchaseOrder.Submit; menu/action must be hidden or disabled, and direct navigation/action must be denied.","Switch English/Arabic and verify labels, direction, validation messages, and action alignment remain usable.","","",""
"UAT-0188","Procurement","PurchaseOrder","View","View/List","/Procurement/goods-receipts","Procurement.PurchaseOrder.View","No direct endpoint found or covered through parent UI/service","Seeded company context, authorized test user, and valid PurchaseOrder data where applicable.","Open /Procurement/goods-receipts; verify page loads; search/filter if available; inspect details; check pagination/sorting where present; verify empty-state and refresh behavior.","PurchaseOrder page/function is reachable, usable, permission-protected, and data is consistent with backend behavior.","Sign in as a user without Procurement.PurchaseOrder.View; menu/action must be hidden or disabled, and direct navigation/action must be denied.","Switch English/Arabic and verify labels, direction, validation messages, and action alignment remain usable.","","",""
"UAT-0168","Procurement","PurchaseRequest","Approve","Workflow","/Procurement/Dashboard","Procurement.PurchaseRequest.Approve","No direct endpoint found or covered through parent UI/service","Seeded company context, authorized test user, and valid PurchaseRequest data where applicable.","Open /Procurement/Dashboard; create or select a record in the required status; execute the workflow action linked to Procurement.PurchaseRequest.Approve; verify status, audit trail, downstream data, and unavailable invalid next actions.","Workflow transition succeeds only from valid state, updates visible status, and preserves permission and audit behavior.","Sign in as a user without Procurement.PurchaseRequest.Approve; menu/action must be hidden or disabled, and direct navigation/action must be denied.","Switch English/Arabic and verify labels, direction, validation messages, and action alignment remain usable.","","",""
"UAT-0170","Procurement","PurchaseRequest","Cancel","Workflow","/Procurement/Dashboard","Procurement.PurchaseRequest.Cancel","No direct endpoint found or covered through parent UI/service","Seeded company context, authorized test user, and valid PurchaseRequest data where applicable.","Open /Procurement/Dashboard; create or select a record in the required status; execute the workflow action linked to Procurement.PurchaseRequest.Cancel; verify status, audit trail, downstream data, and unavailable invalid next actions.","Workflow transition succeeds only from valid state, updates visible status, and preserves permission and audit behavior.","Sign in as a user without Procurement.PurchaseRequest.Cancel; menu/action must be hidden or disabled, and direct navigation/action must be denied.","Switch English/Arabic and verify labels, direction, validation messages, and action alignment remain usable.","","",""
"UAT-0171","Procurement","PurchaseRequest","Close","Workflow","/Procurement/Dashboard","Procurement.PurchaseRequest.Close","No direct endpoint found or covered through parent UI/service","Seeded company context, authorized test user, and valid PurchaseRequest data where applicable.","Open /Procurement/Dashboard; create or select a record in the required status; execute the workflow action linked to Procurement.PurchaseRequest.Close; verify status, audit trail, downstream data, and unavailable invalid next actions.","Workflow transition succeeds only from valid state, updates visible status, and preserves permission and audit behavior.","Sign in as a user without Procurement.PurchaseRequest.Close; menu/action must be hidden or disabled, and direct navigation/action must be denied.","Switch English/Arabic and verify labels, direction, validation messages, and action alignment remain usable.","","",""
"UAT-0164","Procurement","PurchaseRequest","Create","Create","/Procurement/Dashboard","Procurement.PurchaseRequest.Create","No direct endpoint found or covered through parent UI/service","Seeded company context, authorized test user, and valid PurchaseRequest data where applicable.","Open /Procurement/Dashboard; click Add/New; enter valid required data; save; confirm success toast and new row/detail is visible; repeat with missing required data to verify validation.","PurchaseRequest is created only with valid data, visible in the UI, and persisted after reload.","Sign in as a user without Procurement.PurchaseRequest.Create; menu/action must be hidden or disabled, and direct navigation/action must be denied.","Switch English/Arabic and verify labels, direction, validation messages, and action alignment remain usable.","","",""
"UAT-0166","Procurement","PurchaseRequest","Delete","Delete","/Procurement/Dashboard","Procurement.PurchaseRequest.Delete","No direct endpoint found or covered through parent UI/service","Seeded company context, authorized test user, and valid PurchaseRequest data where applicable.","Open /Procurement/Dashboard; select a disposable test record; choose Delete/Remove; confirm dialog; verify record is removed or marked inactive and cannot be selected where inappropriate.","PurchaseRequest deletion/removal follows the product rule and no deleted item remains actionable.","Sign in as a user without Procurement.PurchaseRequest.Delete; menu/action must be hidden or disabled, and direct navigation/action must be denied.","Switch English/Arabic and verify labels, direction, validation messages, and action alignment remain usable.","","",""
"UAT-0165","Procurement","PurchaseRequest","Edit","Edit","/Procurement/Dashboard","Procurement.PurchaseRequest.Edit","No direct endpoint found or covered through parent UI/service","Seeded company context, authorized test user, and valid PurchaseRequest data where applicable.","Open /Procurement/Dashboard; select an existing record; edit allowed fields; save; verify success toast and persisted changes after refresh.","PurchaseRequest changes are saved, reloaded correctly, and validation prevents invalid updates.","Sign in as a user without Procurement.PurchaseRequest.Edit; menu/action must be hidden or disabled, and direct navigation/action must be denied.","Switch English/Arabic and verify labels, direction, validation messages, and action alignment remain usable.","","",""
"UAT-0169","Procurement","PurchaseRequest","Reject","Workflow","/Procurement/Dashboard","Procurement.PurchaseRequest.Reject","No direct endpoint found or covered through parent UI/service","Seeded company context, authorized test user, and valid PurchaseRequest data where applicable.","Open /Procurement/Dashboard; create or select a record in the required status; execute the workflow action linked to Procurement.PurchaseRequest.Reject; verify status, audit trail, downstream data, and unavailable invalid next actions.","Workflow transition succeeds only from valid state, updates visible status, and preserves permission and audit behavior.","Sign in as a user without Procurement.PurchaseRequest.Reject; menu/action must be hidden or disabled, and direct navigation/action must be denied.","Switch English/Arabic and verify labels, direction, validation messages, and action alignment remain usable.","","",""
"UAT-0162","Procurement","PurchaseRequest","Select","General","/Procurement/Dashboard","Procurement.PurchaseRequest.Select","No direct endpoint found or covered through parent UI/service","Seeded company context, authorized test user, and valid PurchaseRequest data where applicable.","Open /Procurement/Dashboard; verify page loads; search/filter if available; inspect details; check pagination/sorting where present; verify empty-state and refresh behavior.","PurchaseRequest page/function is reachable, usable, permission-protected, and data is consistent with backend behavior.","Sign in as a user without Procurement.PurchaseRequest.Select; menu/action must be hidden or disabled, and direct navigation/action must be denied.","Switch English/Arabic and verify labels, direction, validation messages, and action alignment remain usable.","","",""
"UAT-0167","Procurement","PurchaseRequest","Submit","Workflow","/Procurement/Dashboard","Procurement.PurchaseRequest.Submit","No direct endpoint found or covered through parent UI/service","Seeded company context, authorized test user, and valid PurchaseRequest data where applicable.","Open /Procurement/Dashboard; create or select a record in the required status; execute the workflow action linked to Procurement.PurchaseRequest.Submit; verify status, audit trail, downstream data, and unavailable invalid next actions.","Workflow transition succeeds only from valid state, updates visible status, and preserves permission and audit behavior.","Sign in as a user without Procurement.PurchaseRequest.Submit; menu/action must be hidden or disabled, and direct navigation/action must be denied.","Switch English/Arabic and verify labels, direction, validation messages, and action alignment remain usable.","","",""
"UAT-0163","Procurement","PurchaseRequest","View","View/List","/Procurement/requests-for-quotation","Procurement.PurchaseRequest.View","No direct endpoint found or covered through parent UI/service","Seeded company context, authorized test user, and valid PurchaseRequest data where applicable.","Open /Procurement/requests-for-quotation; verify page loads; search/filter if available; inspect details; check pagination/sorting where present; verify empty-state and refresh behavior.","PurchaseRequest page/function is reachable, usable, permission-protected, and data is consistent with backend behavior.","Sign in as a user without Procurement.PurchaseRequest.View; menu/action must be hidden or disabled, and direct navigation/action must be denied.","Switch English/Arabic and verify labels, direction, validation messages, and action alignment remain usable.","","",""
"UAT-0210","Procurement","PurchaseReturn","Cancel","Workflow","/Procurement/Dashboard","Procurement.PurchaseReturn.Cancel","No direct endpoint found or covered through parent UI/service","Seeded company context, authorized test user, and valid PurchaseReturn data where applicable.","Open /Procurement/Dashboard; create or select a record in the required status; execute the workflow action linked to Procurement.PurchaseReturn.Cancel; verify status, audit trail, downstream data, and unavailable invalid next actions.","Workflow transition succeeds only from valid state, updates visible status, and preserves permission and audit behavior.","Sign in as a user without Procurement.PurchaseReturn.Cancel; menu/action must be hidden or disabled, and direct navigation/action must be denied.","Switch English/Arabic and verify labels, direction, validation messages, and action alignment remain usable.","","",""
"UAT-0206","Procurement","PurchaseReturn","Create","Workflow","/Procurement/Dashboard","Procurement.PurchaseReturn.Create","No direct endpoint found or covered through parent UI/service","Seeded company context, authorized test user, and valid PurchaseReturn data where applicable.","Open /Procurement/Dashboard; create or select a record in the required status; execute the workflow action linked to Procurement.PurchaseReturn.Create; verify status, audit trail, downstream data, and unavailable invalid next actions.","Workflow transition succeeds only from valid state, updates visible status, and preserves permission and audit behavior.","Sign in as a user without Procurement.PurchaseReturn.Create; menu/action must be hidden or disabled, and direct navigation/action must be denied.","Switch English/Arabic and verify labels, direction, validation messages, and action alignment remain usable.","","",""
"UAT-0208","Procurement","PurchaseReturn","Delete","Workflow","/Procurement/Dashboard","Procurement.PurchaseReturn.Delete","No direct endpoint found or covered through parent UI/service","Seeded company context, authorized test user, and valid PurchaseReturn data where applicable.","Open /Procurement/Dashboard; create or select a record in the required status; execute the workflow action linked to Procurement.PurchaseReturn.Delete; verify status, audit trail, downstream data, and unavailable invalid next actions.","Workflow transition succeeds only from valid state, updates visible status, and preserves permission and audit behavior.","Sign in as a user without Procurement.PurchaseReturn.Delete; menu/action must be hidden or disabled, and direct navigation/action must be denied.","Switch English/Arabic and verify labels, direction, validation messages, and action alignment remain usable.","","",""
"UAT-0207","Procurement","PurchaseReturn","Edit","Workflow","/Procurement/Dashboard","Procurement.PurchaseReturn.Edit","No direct endpoint found or covered through parent UI/service","Seeded company context, authorized test user, and valid PurchaseReturn data where applicable.","Open /Procurement/Dashboard; create or select a record in the required status; execute the workflow action linked to Procurement.PurchaseReturn.Edit; verify status, audit trail, downstream data, and unavailable invalid next actions.","Workflow transition succeeds only from valid state, updates visible status, and preserves permission and audit behavior.","Sign in as a user without Procurement.PurchaseReturn.Edit; menu/action must be hidden or disabled, and direct navigation/action must be denied.","Switch English/Arabic and verify labels, direction, validation messages, and action alignment remain usable.","","",""
"UAT-0209","Procurement","PurchaseReturn","Receive","Workflow","/Procurement/Dashboard","Procurement.PurchaseReturn.Receive","No direct endpoint found or covered through parent UI/service","Seeded company context, authorized test user, and valid PurchaseReturn data where applicable.","Open /Procurement/Dashboard; create or select a record in the required status; execute the workflow action linked to Procurement.PurchaseReturn.Receive; verify status, audit trail, downstream data, and unavailable invalid next actions.","Workflow transition succeeds only from valid state, updates visible status, and preserves permission and audit behavior.","Sign in as a user without Procurement.PurchaseReturn.Receive; menu/action must be hidden or disabled, and direct navigation/action must be denied.","Switch English/Arabic and verify labels, direction, validation messages, and action alignment remain usable.","","",""
"UAT-0204","Procurement","PurchaseReturn","Select","Workflow","/Procurement/Dashboard","Procurement.PurchaseReturn.Select","No direct endpoint found or covered through parent UI/service","Seeded company context, authorized test user, and valid PurchaseReturn data where applicable.","Open /Procurement/Dashboard; create or select a record in the required status; execute the workflow action linked to Procurement.PurchaseReturn.Select; verify status, audit trail, downstream data, and unavailable invalid next actions.","Workflow transition succeeds only from valid state, updates visible status, and preserves permission and audit behavior.","Sign in as a user without Procurement.PurchaseReturn.Select; menu/action must be hidden or disabled, and direct navigation/action must be denied.","Switch English/Arabic and verify labels, direction, validation messages, and action alignment remain usable.","","",""
"UAT-0205","Procurement","PurchaseReturn","View","Workflow","/Procurement/supplier-invoices","Procurement.PurchaseReturn.View","No direct endpoint found or covered through parent UI/service","Seeded company context, authorized test user, and valid PurchaseReturn data where applicable.","Open /Procurement/supplier-invoices; create or select a record in the required status; execute the workflow action linked to Procurement.PurchaseReturn.View; verify status, audit trail, downstream data, and unavailable invalid next actions.","Workflow transition succeeds only from valid state, updates visible status, and preserves permission and audit behavior.","Sign in as a user without Procurement.PurchaseReturn.View; menu/action must be hidden or disabled, and direct navigation/action must be denied.","Switch English/Arabic and verify labels, direction, validation messages, and action alignment remain usable.","","",""
"UAT-0178","Procurement","RequestForQuotation","Cancel","Workflow","/Procurement/Dashboard","Procurement.RequestForQuotation.Cancel","No direct endpoint found or covered through parent UI/service","Seeded company context, authorized test user, and valid RequestForQuotation data where applicable.","Open /Procurement/Dashboard; create or select a record in the required status; execute the workflow action linked to Procurement.RequestForQuotation.Cancel; verify status, audit trail, downstream data, and unavailable invalid next actions.","Workflow transition succeeds only from valid state, updates visible status, and preserves permission and audit behavior.","Sign in as a user without Procurement.RequestForQuotation.Cancel; menu/action must be hidden or disabled, and direct navigation/action must be denied.","Switch English/Arabic and verify labels, direction, validation messages, and action alignment remain usable.","","",""
"UAT-0179","Procurement","RequestForQuotation","Close","Workflow","/Procurement/Dashboard","Procurement.RequestForQuotation.Close","No direct endpoint found or covered through parent UI/service","Seeded company context, authorized test user, and valid RequestForQuotation data where applicable.","Open /Procurement/Dashboard; create or select a record in the required status; execute the workflow action linked to Procurement.RequestForQuotation.Close; verify status, audit trail, downstream data, and unavailable invalid next actions.","Workflow transition succeeds only from valid state, updates visible status, and preserves permission and audit behavior.","Sign in as a user without Procurement.RequestForQuotation.Close; menu/action must be hidden or disabled, and direct navigation/action must be denied.","Switch English/Arabic and verify labels, direction, validation messages, and action alignment remain usable.","","",""
"UAT-0174","Procurement","RequestForQuotation","Create","Create","/Procurement/Dashboard","Procurement.RequestForQuotation.Create","No direct endpoint found or covered through parent UI/service","Seeded company context, authorized test user, and valid RequestForQuotation data where applicable.","Open /Procurement/Dashboard; click Add/New; enter valid required data; save; confirm success toast and new row/detail is visible; repeat with missing required data to verify validation.","RequestForQuotation is created only with valid data, visible in the UI, and persisted after reload.","Sign in as a user without Procurement.RequestForQuotation.Create; menu/action must be hidden or disabled, and direct navigation/action must be denied.","Switch English/Arabic and verify labels, direction, validation messages, and action alignment remain usable.","","",""
"UAT-0176","Procurement","RequestForQuotation","Delete","Delete","/Procurement/Dashboard","Procurement.RequestForQuotation.Delete","No direct endpoint found or covered through parent UI/service","Seeded company context, authorized test user, and valid RequestForQuotation data where applicable.","Open /Procurement/Dashboard; select a disposable test record; choose Delete/Remove; confirm dialog; verify record is removed or marked inactive and cannot be selected where inappropriate.","RequestForQuotation deletion/removal follows the product rule and no deleted item remains actionable.","Sign in as a user without Procurement.RequestForQuotation.Delete; menu/action must be hidden or disabled, and direct navigation/action must be denied.","Switch English/Arabic and verify labels, direction, validation messages, and action alignment remain usable.","","",""
"UAT-0175","Procurement","RequestForQuotation","Edit","Edit","/Procurement/Dashboard","Procurement.RequestForQuotation.Edit","No direct endpoint found or covered through parent UI/service","Seeded company context, authorized test user, and valid RequestForQuotation data where applicable.","Open /Procurement/Dashboard; select an existing record; edit allowed fields; save; verify success toast and persisted changes after refresh.","RequestForQuotation changes are saved, reloaded correctly, and validation prevents invalid updates.","Sign in as a user without Procurement.RequestForQuotation.Edit; menu/action must be hidden or disabled, and direct navigation/action must be denied.","Switch English/Arabic and verify labels, direction, validation messages, and action alignment remain usable.","","",""
"UAT-0172","Procurement","RequestForQuotation","Select","General","/Procurement/Dashboard","Procurement.RequestForQuotation.Select","No direct endpoint found or covered through parent UI/service","Seeded company context, authorized test user, and valid RequestForQuotation data where applicable.","Open /Procurement/Dashboard; verify page loads; search/filter if available; inspect details; check pagination/sorting where present; verify empty-state and refresh behavior.","RequestForQuotation page/function is reachable, usable, permission-protected, and data is consistent with backend behavior.","Sign in as a user without Procurement.RequestForQuotation.Select; menu/action must be hidden or disabled, and direct navigation/action must be denied.","Switch English/Arabic and verify labels, direction, validation messages, and action alignment remain usable.","","",""
"UAT-0177","Procurement","RequestForQuotation","Submit","Workflow","/Procurement/Dashboard","Procurement.RequestForQuotation.Submit","No direct endpoint found or covered through parent UI/service","Seeded company context, authorized test user, and valid RequestForQuotation data where applicable.","Open /Procurement/Dashboard; create or select a record in the required status; execute the workflow action linked to Procurement.RequestForQuotation.Submit; verify status, audit trail, downstream data, and unavailable invalid next actions.","Workflow transition succeeds only from valid state, updates visible status, and preserves permission and audit behavior.","Sign in as a user without Procurement.RequestForQuotation.Submit; menu/action must be hidden or disabled, and direct navigation/action must be denied.","Switch English/Arabic and verify labels, direction, validation messages, and action alignment remain usable.","","",""
"UAT-0173","Procurement","RequestForQuotation","View","View/List","/Procurement/supplier-quotations","Procurement.RequestForQuotation.View","No direct endpoint found or covered through parent UI/service","Seeded company context, authorized test user, and valid RequestForQuotation data where applicable.","Open /Procurement/supplier-quotations; verify page loads; search/filter if available; inspect details; check pagination/sorting where present; verify empty-state and refresh behavior.","RequestForQuotation page/function is reachable, usable, permission-protected, and data is consistent with backend behavior.","Sign in as a user without Procurement.RequestForQuotation.View; menu/action must be hidden or disabled, and direct navigation/action must be denied.","Switch English/Arabic and verify labels, direction, validation messages, and action alignment remain usable.","","",""
"UAT-0349","Procurement","RFQs","Navigation/access","View/List","/Procurement/requests-for-quotation","PermissionList.PurchaseRequestPermissions.View","Menu route and page load","Authorized user has the menu permission and company/session context is selected.","Open sidebar/workspace menu; click RFQs; verify route /Procurement/requests-for-quotation loads without authorization or data errors.","RFQs is visible for authorized users and the target page loads successfully.","Remove the listed permission from the test role; menu item should be hidden and direct route should not expose data.","Switch English/Arabic and verify menu label, route page title, and layout direction.","","","Menu coverage row"
"UAT-0143","Sales, POS, and orders","Cart","Checkout","Workflow","/SalesOrder/POS","Cart.Cart.Checkout","POST","Seeded company context, authorized test user, and valid Cart data where applicable.","Open /SalesOrder/POS; create or select a record in the required status; execute the workflow action linked to Cart.Cart.Checkout; verify status, audit trail, downstream data, and unavailable invalid next actions.","Workflow transition succeeds only from valid state, updates visible status, and preserves permission and audit behavior.","Sign in as a user without Cart.Cart.Checkout; menu/action must be hidden or disabled, and direct navigation/action must be denied.","Switch English/Arabic and verify labels, direction, validation messages, and action alignment remain usable.","","",""
"UAT-0140","Sales, POS, and orders","Cart","Create","Workflow","/SalesOrder/POS","Cart.Cart.Create","POST","Seeded company context, authorized test user, and valid Cart data where applicable.","Open /SalesOrder/POS; create or select a record in the required status; execute the workflow action linked to Cart.Cart.Create; verify status, audit trail, downstream data, and unavailable invalid next actions.","Workflow transition succeeds only from valid state, updates visible status, and preserves permission and audit behavior.","Sign in as a user without Cart.Cart.Create; menu/action must be hidden or disabled, and direct navigation/action must be denied.","Switch English/Arabic and verify labels, direction, validation messages, and action alignment remain usable.","","",""
"UAT-0142","Sales, POS, and orders","Cart","Delete","Delete","/Orders/Intakes/{Id:guid}","Cart.Cart.Delete","No direct endpoint found or covered through parent UI/service","Seeded company context, authorized test user, and valid Cart data where applicable.","Open /Orders/Intakes/{Id:guid}; select a disposable test record; choose Delete/Remove; confirm dialog; verify record is removed or marked inactive and cannot be selected where inappropriate.","Cart deletion/removal follows the product rule and no deleted item remains actionable.","Sign in as a user without Cart.Cart.Delete; menu/action must be hidden or disabled, and direct navigation/action must be denied.","Switch English/Arabic and verify labels, direction, validation messages, and action alignment remain usable.","","",""
"UAT-0141","Sales, POS, and orders","Cart","Edit","Workflow","/SalesOrder/POS","Cart.Cart.Edit","POST/DELETE/PUT","Seeded company context, authorized test user, and valid Cart data where applicable.","Open /SalesOrder/POS; create or select a record in the required status; execute the workflow action linked to Cart.Cart.Edit; verify status, audit trail, downstream data, and unavailable invalid next actions.","Workflow transition succeeds only from valid state, updates visible status, and preserves permission and audit behavior.","Sign in as a user without Cart.Cart.Edit; menu/action must be hidden or disabled, and direct navigation/action must be denied.","Switch English/Arabic and verify labels, direction, validation messages, and action alignment remain usable.","","",""
"UAT-0138","Sales, POS, and orders","Cart","Select","General","/Orders/Intakes/{Id:guid}","Cart.Cart.Select","No direct endpoint found or covered through parent UI/service","Seeded company context, authorized test user, and valid Cart data where applicable.","Open /Orders/Intakes/{Id:guid}; verify page loads; search/filter if available; inspect details; check pagination/sorting where present; verify empty-state and refresh behavior.","Cart page/function is reachable, usable, permission-protected, and data is consistent with backend behavior.","Sign in as a user without Cart.Cart.Select; menu/action must be hidden or disabled, and direct navigation/action must be denied.","Switch English/Arabic and verify labels, direction, validation messages, and action alignment remain usable.","","",""
"UAT-0139","Sales, POS, and orders","Cart","View","Workflow","/Orders/Intakes/{Id:guid}","Cart.Cart.View","GET","Seeded company context, authorized test user, and valid Cart data where applicable.","Open /Orders/Intakes/{Id:guid}; create or select a record in the required status; execute the workflow action linked to Cart.Cart.View; verify status, audit trail, downstream data, and unavailable invalid next actions.","Workflow transition succeeds only from valid state, updates visible status, and preserves permission and audit behavior.","Sign in as a user without Cart.Cart.View; menu/action must be hidden or disabled, and direct navigation/action must be denied.","Switch English/Arabic and verify labels, direction, validation messages, and action alignment remain usable.","","",""
"UAT-0149","Sales, POS, and orders","Intake","Accept","Workflow","/Orders/Intakes/{Id:guid}","Orders.Intake.Accept","PUT","Seeded company context, authorized test user, and valid Intake data where applicable.","Open /Orders/Intakes/{Id:guid}; create or select a record in the required status; execute the workflow action linked to Orders.Intake.Accept; verify status, audit trail, downstream data, and unavailable invalid next actions.","Workflow transition succeeds only from valid state, updates visible status, and preserves permission and audit behavior.","Sign in as a user without Orders.Intake.Accept; menu/action must be hidden or disabled, and direct navigation/action must be denied.","Switch English/Arabic and verify labels, direction, validation messages, and action alignment remain usable.","","",""
"UAT-0146","Sales, POS, and orders","Intake","Create","Workflow","/Orders/Intakes/{Id:guid}","Orders.Intake.Create","POST","Seeded company context, authorized test user, and valid Intake data where applicable.","Open /Orders/Intakes/{Id:guid}; create or select a record in the required status; execute the workflow action linked to Orders.Intake.Create; verify status, audit trail, downstream data, and unavailable invalid next actions.","Workflow transition succeeds only from valid state, updates visible status, and preserves permission and audit behavior.","Sign in as a user without Orders.Intake.Create; menu/action must be hidden or disabled, and direct navigation/action must be denied.","Switch English/Arabic and verify labels, direction, validation messages, and action alignment remain usable.","","",""
"UAT-0148","Sales, POS, and orders","Intake","Delete","Delete","/Orders/Intakes/{Id:guid}","Orders.Intake.Delete","No direct endpoint found or covered through parent UI/service","Seeded company context, authorized test user, and valid Intake data where applicable.","Open /Orders/Intakes/{Id:guid}; select a disposable test record; choose Delete/Remove; confirm dialog; verify record is removed or marked inactive and cannot be selected where inappropriate.","Intake deletion/removal follows the product rule and no deleted item remains actionable.","Sign in as a user without Orders.Intake.Delete; menu/action must be hidden or disabled, and direct navigation/action must be denied.","Switch English/Arabic and verify labels, direction, validation messages, and action alignment remain usable.","","",""
"UAT-0147","Sales, POS, and orders","Intake","Edit","Edit","/Orders/Intakes/{Id:guid}","Orders.Intake.Edit","No direct endpoint found or covered through parent UI/service","Seeded company context, authorized test user, and valid Intake data where applicable.","Open /Orders/Intakes/{Id:guid}; select an existing record; edit allowed fields; save; verify success toast and persisted changes after refresh.","Intake changes are saved, reloaded correctly, and validation prevents invalid updates.","Sign in as a user without Orders.Intake.Edit; menu/action must be hidden or disabled, and direct navigation/action must be denied.","Switch English/Arabic and verify labels, direction, validation messages, and action alignment remain usable.","","",""
"UAT-0150","Sales, POS, and orders","Intake","Reject","Workflow","/Orders/Intakes/{Id:guid}","Orders.Intake.Reject","PUT","Seeded company context, authorized test user, and valid Intake data where applicable.","Open /Orders/Intakes/{Id:guid}; create or select a record in the required status; execute the workflow action linked to Orders.Intake.Reject; verify status, audit trail, downstream data, and unavailable invalid next actions.","Workflow transition succeeds only from valid state, updates visible status, and preserves permission and audit behavior.","Sign in as a user without Orders.Intake.Reject; menu/action must be hidden or disabled, and direct navigation/action must be denied.","Switch English/Arabic and verify labels, direction, validation messages, and action alignment remain usable.","","",""
"UAT-0144","Sales, POS, and orders","Intake","Select","General","/Orders/Intakes/{Id:guid}","Orders.Intake.Select","No direct endpoint found or covered through parent UI/service","Seeded company context, authorized test user, and valid Intake data where applicable.","Open /Orders/Intakes/{Id:guid}; verify page loads; search/filter if available; inspect details; check pagination/sorting where present; verify empty-state and refresh behavior.","Intake page/function is reachable, usable, permission-protected, and data is consistent with backend behavior.","Sign in as a user without Orders.Intake.Select; menu/action must be hidden or disabled, and direct navigation/action must be denied.","Switch English/Arabic and verify labels, direction, validation messages, and action alignment remain usable.","","",""
"UAT-0145","Sales, POS, and orders","Intake","View","Workflow","/Sales/Orders","Orders.Intake.View","GET","Seeded company context, authorized test user, and valid Intake data where applicable.","Open /Sales/Orders; create or select a record in the required status; execute the workflow action linked to Orders.Intake.View; verify status, audit trail, downstream data, and unavailable invalid next actions.","Workflow transition succeeds only from valid state, updates visible status, and preserves permission and audit behavior.","Sign in as a user without Orders.Intake.View; menu/action must be hidden or disabled, and direct navigation/action must be denied.","Switch English/Arabic and verify labels, direction, validation messages, and action alignment remain usable.","","",""
"UAT-0135","Sales, POS, and orders","Order","Cancel","Workflow","/Orders/Intakes/{Id:guid}","SalesOrders.Order.Cancel","No direct endpoint found or covered through parent UI/service","Seeded company context, authorized test user, and valid Order data where applicable.","Open /Orders/Intakes/{Id:guid}; create or select a record in the required status; execute the workflow action linked to SalesOrders.Order.Cancel; verify status, audit trail, downstream data, and unavailable invalid next actions.","Workflow transition succeeds only from valid state, updates visible status, and preserves permission and audit behavior.","Sign in as a user without SalesOrders.Order.Cancel; menu/action must be hidden or disabled, and direct navigation/action must be denied.","Switch English/Arabic and verify labels, direction, validation messages, and action alignment remain usable.","","",""
"UAT-0134","Sales, POS, and orders","Order","Complete","Workflow","/Orders/Intakes/{Id:guid}","SalesOrders.Order.Complete","No direct endpoint found or covered through parent UI/service","Seeded company context, authorized test user, and valid Order data where applicable.","Open /Orders/Intakes/{Id:guid}; create or select a record in the required status; execute the workflow action linked to SalesOrders.Order.Complete; verify status, audit trail, downstream data, and unavailable invalid next actions.","Workflow transition succeeds only from valid state, updates visible status, and preserves permission and audit behavior.","Sign in as a user without SalesOrders.Order.Complete; menu/action must be hidden or disabled, and direct navigation/action must be denied.","Switch English/Arabic and verify labels, direction, validation messages, and action alignment remain usable.","","",""
"UAT-0131","Sales, POS, and orders","Order","Confirm","Workflow","/Orders/Intakes/{Id:guid}","SalesOrders.Order.Confirm","No direct endpoint found or covered through parent UI/service","Seeded company context, authorized test user, and valid Order data where applicable.","Open /Orders/Intakes/{Id:guid}; create or select a record in the required status; execute the workflow action linked to SalesOrders.Order.Confirm; verify status, audit trail, downstream data, and unavailable invalid next actions.","Workflow transition succeeds only from valid state, updates visible status, and preserves permission and audit behavior.","Sign in as a user without SalesOrders.Order.Confirm; menu/action must be hidden or disabled, and direct navigation/action must be denied.","Switch English/Arabic and verify labels, direction, validation messages, and action alignment remain usable.","","",""
"UAT-0128","Sales, POS, and orders","Order","Create","Workflow","/Orders/Intakes/{Id:guid}","SalesOrders.Order.Create","POST","Seeded company context, authorized test user, and valid Order data where applicable.","Open /Orders/Intakes/{Id:guid}; create or select a record in the required status; execute the workflow action linked to SalesOrders.Order.Create; verify status, audit trail, downstream data, and unavailable invalid next actions.","Workflow transition succeeds only from valid state, updates visible status, and preserves permission and audit behavior.","Sign in as a user without SalesOrders.Order.Create; menu/action must be hidden or disabled, and direct navigation/action must be denied.","Switch English/Arabic and verify labels, direction, validation messages, and action alignment remain usable.","","",""
"UAT-0130","Sales, POS, and orders","Order","Delete","Delete","/Orders/Intakes/{Id:guid}","SalesOrders.Order.Delete","No direct endpoint found or covered through parent UI/service","Seeded company context, authorized test user, and valid Order data where applicable.","Open /Orders/Intakes/{Id:guid}; select a disposable test record; choose Delete/Remove; confirm dialog; verify record is removed or marked inactive and cannot be selected where inappropriate.","Order deletion/removal follows the product rule and no deleted item remains actionable.","Sign in as a user without SalesOrders.Order.Delete; menu/action must be hidden or disabled, and direct navigation/action must be denied.","Switch English/Arabic and verify labels, direction, validation messages, and action alignment remain usable.","","",""
"UAT-0132","Sales, POS, and orders","Order","Deliver","Workflow","/Orders/Intakes/{Id:guid}","SalesOrders.Order.Deliver","No direct endpoint found or covered through parent UI/service","Seeded company context, authorized test user, and valid Order data where applicable.","Open /Orders/Intakes/{Id:guid}; create or select a record in the required status; execute the workflow action linked to SalesOrders.Order.Deliver; verify status, audit trail, downstream data, and unavailable invalid next actions.","Workflow transition succeeds only from valid state, updates visible status, and preserves permission and audit behavior.","Sign in as a user without SalesOrders.Order.Deliver; menu/action must be hidden or disabled, and direct navigation/action must be denied.","Switch English/Arabic and verify labels, direction, validation messages, and action alignment remain usable.","","",""
"UAT-0129","Sales, POS, and orders","Order","Edit","Workflow","/Sales/Orders/{Id:guid}","SalesOrders.Order.Edit","PUT","Seeded company context, authorized test user, and valid Order data where applicable.","Open /Sales/Orders/{Id:guid}; create or select a record in the required status; execute the workflow action linked to SalesOrders.Order.Edit; verify status, audit trail, downstream data, and unavailable invalid next actions.","Workflow transition succeeds only from valid state, updates visible status, and preserves permission and audit behavior.","Sign in as a user without SalesOrders.Order.Edit; menu/action must be hidden or disabled, and direct navigation/action must be denied.","Switch English/Arabic and verify labels, direction, validation messages, and action alignment remain usable.","","",""
"UAT-0133","Sales, POS, and orders","Order","Invoice","Workflow","/Orders/Intakes/{Id:guid}","SalesOrders.Order.Invoice","No direct endpoint found or covered through parent UI/service","Seeded company context, authorized test user, and valid Order data where applicable.","Open /Orders/Intakes/{Id:guid}; create or select a record in the required status; execute the workflow action linked to SalesOrders.Order.Invoice; verify status, audit trail, downstream data, and unavailable invalid next actions.","Workflow transition succeeds only from valid state, updates visible status, and preserves permission and audit behavior.","Sign in as a user without SalesOrders.Order.Invoice; menu/action must be hidden or disabled, and direct navigation/action must be denied.","Switch English/Arabic and verify labels, direction, validation messages, and action alignment remain usable.","","",""
"UAT-0136","Sales, POS, and orders","Order","Return","Workflow","/Orders/Intakes/{Id:guid}","SalesOrders.Order.Return","No direct endpoint found or covered through parent UI/service","Seeded company context, authorized test user, and valid Order data where applicable.","Open /Orders/Intakes/{Id:guid}; create or select a record in the required status; execute the workflow action linked to SalesOrders.Order.Return; verify status, audit trail, downstream data, and unavailable invalid next actions.","Workflow transition succeeds only from valid state, updates visible status, and preserves permission and audit behavior.","Sign in as a user without SalesOrders.Order.Return; menu/action must be hidden or disabled, and direct navigation/action must be denied.","Switch English/Arabic and verify labels, direction, validation messages, and action alignment remain usable.","","",""
"UAT-0126","Sales, POS, and orders","Order","Select","General","/SalesOrder/POS","SalesOrders.Order.Select","No direct endpoint found or covered through parent UI/service","Seeded company context, authorized test user, and valid Order data where applicable.","Open /SalesOrder/POS; verify page loads; search/filter if available; inspect details; check pagination/sorting where present; verify empty-state and refresh behavior.","Order page/function is reachable, usable, permission-protected, and data is consistent with backend behavior.","Sign in as a user without SalesOrders.Order.Select; menu/action must be hidden or disabled, and direct navigation/action must be denied.","Switch English/Arabic and verify labels, direction, validation messages, and action alignment remain usable.","","",""
"UAT-0127","Sales, POS, and orders","Order","View","Workflow","/Sales/Dashboard","SalesOrders.Order.View","GET","Seeded company context, authorized test user, and valid Order data where applicable.","Open /Sales/Dashboard; create or select a record in the required status; execute the workflow action linked to SalesOrders.Order.View; verify status, audit trail, downstream data, and unavailable invalid next actions.","Workflow transition succeeds only from valid state, updates visible status, and preserves permission and audit behavior.","Sign in as a user without SalesOrders.Order.View; menu/action must be hidden or disabled, and direct navigation/action must be denied.","Switch English/Arabic and verify labels, direction, validation messages, and action alignment remain usable.","","",""
"UAT-0137","Sales, POS, and orders","Order","ViewReports","Report/Dashboard","/Orders/Intakes","SalesOrders.Order.ViewReports","GET","Seeded company context, authorized test user, and valid Order data where applicable.","Open /Orders/Intakes; verify widgets/table load; apply available filters/date range; compare totals with source records; verify empty-state behavior with filters that return no data.","Dashboard/report data loads, filters correctly, and matches underlying transactional records.","Sign in as a user without SalesOrders.Order.ViewReports; menu/action must be hidden or disabled, and direct navigation/action must be denied.","Switch English/Arabic and verify labels, direction, validation messages, and action alignment remain usable.","","",""
"UAT-0281","Sales, POS, and orders","Order Intakes","Navigation/access","View/List","/Orders/Intakes","PermissionList.SalesOrderPermissions.ViewReports","Menu route and page load","Authorized user has the menu permission and company/session context is selected.","Open sidebar/workspace menu; click Order Intakes; verify route /Orders/Intakes loads without authorization or data errors.","Order Intakes is visible for authorized users and the target page loads successfully.","Remove the listed permission from the test role; menu item should be hidden and direct route should not expose data.","Switch English/Arabic and verify menu label, route page title, and layout direction.","","","Menu coverage row"
"UAT-0154","Sales, POS, and orders","Payment","Approve","Workflow","/Orders/Intakes/{Id:guid}","Payments.Payment.Approve","No direct endpoint found or covered through parent UI/service","Seeded company context, authorized test user, and valid Payment data where applicable.","Open /Orders/Intakes/{Id:guid}; create or select a record in the required status; execute the workflow action linked to Payments.Payment.Approve; verify status, audit trail, downstream data, and unavailable invalid next actions.","Workflow transition succeeds only from valid state, updates visible status, and preserves permission and audit behavior.","Sign in as a user without Payments.Payment.Approve; menu/action must be hidden or disabled, and direct navigation/action must be denied.","Switch English/Arabic and verify labels, direction, validation messages, and action alignment remain usable.","","",""
"UAT-0153","Sales, POS, and orders","Payment","Create","Create","/Orders/Intakes/{Id:guid}","Payments.Payment.Create","No direct endpoint found or covered through parent UI/service","Seeded company context, authorized test user, and valid Payment data where applicable.","Open /Orders/Intakes/{Id:guid}; click Add/New; enter valid required data; save; confirm success toast and new row/detail is visible; repeat with missing required data to verify validation.","Payment is created only with valid data, visible in the UI, and persisted after reload.","Sign in as a user without Payments.Payment.Create; menu/action must be hidden or disabled, and direct navigation/action must be denied.","Switch English/Arabic and verify labels, direction, validation messages, and action alignment remain usable.","","",""
"UAT-0156","Sales, POS, and orders","Payment","Refund","General","/Orders/Intakes/{Id:guid}","Payments.Payment.Refund","No direct endpoint found or covered through parent UI/service","Seeded company context, authorized test user, and valid Payment data where applicable.","Open /Orders/Intakes/{Id:guid}; verify page loads; search/filter if available; inspect details; check pagination/sorting where present; verify empty-state and refresh behavior.","Payment page/function is reachable, usable, permission-protected, and data is consistent with backend behavior.","Sign in as a user without Payments.Payment.Refund; menu/action must be hidden or disabled, and direct navigation/action must be denied.","Switch English/Arabic and verify labels, direction, validation messages, and action alignment remain usable.","","",""
"UAT-0155","Sales, POS, and orders","Payment","Reject","Workflow","/Orders/Intakes/{Id:guid}","Payments.Payment.Reject","No direct endpoint found or covered through parent UI/service","Seeded company context, authorized test user, and valid Payment data where applicable.","Open /Orders/Intakes/{Id:guid}; create or select a record in the required status; execute the workflow action linked to Payments.Payment.Reject; verify status, audit trail, downstream data, and unavailable invalid next actions.","Workflow transition succeeds only from valid state, updates visible status, and preserves permission and audit behavior.","Sign in as a user without Payments.Payment.Reject; menu/action must be hidden or disabled, and direct navigation/action must be denied.","Switch English/Arabic and verify labels, direction, validation messages, and action alignment remain usable.","","",""
"UAT-0151","Sales, POS, and orders","Payment","Select","General","/Orders/Intakes/{Id:guid}","Payments.Payment.Select","No direct endpoint found or covered through parent UI/service","Seeded company context, authorized test user, and valid Payment data where applicable.","Open /Orders/Intakes/{Id:guid}; verify page loads; search/filter if available; inspect details; check pagination/sorting where present; verify empty-state and refresh behavior.","Payment page/function is reachable, usable, permission-protected, and data is consistent with backend behavior.","Sign in as a user without Payments.Payment.Select; menu/action must be hidden or disabled, and direct navigation/action must be denied.","Switch English/Arabic and verify labels, direction, validation messages, and action alignment remain usable.","","",""
"UAT-0152","Sales, POS, and orders","Payment","View","View/List","/Orders/Intakes/{Id:guid}","Payments.Payment.View","No direct endpoint found or covered through parent UI/service","Seeded company context, authorized test user, and valid Payment data where applicable.","Open /Orders/Intakes/{Id:guid}; verify page loads; search/filter if available; inspect details; check pagination/sorting where present; verify empty-state and refresh behavior.","Payment page/function is reachable, usable, permission-protected, and data is consistent with backend behavior.","Sign in as a user without Payments.Payment.View; menu/action must be hidden or disabled, and direct navigation/action must be denied.","Switch English/Arabic and verify labels, direction, validation messages, and action alignment remain usable.","","",""
"UAT-0279","Sales, POS, and orders","POS","Navigation/access","View/List","/SalesOrder/POS","PermissionList.SalesOrderPermissions.Select","Menu route and page load","Authorized user has the menu permission and company/session context is selected.","Open sidebar/workspace menu; click POS; verify route /SalesOrder/POS loads without authorization or data errors.","POS is visible for authorized users and the target page loads successfully.","Remove the listed permission from the test role; menu item should be hidden and direct route should not expose data.","Switch English/Arabic and verify menu label, route page title, and layout direction.","","","Menu coverage row"
"UAT-0351","Sales, POS, and orders","Purchase Orders","Navigation/access","View/List","/Procurement/purchase-orders","PermissionList.SupplierQuotationPermissions.View","Menu route and page load","Authorized user has the menu permission and company/session context is selected.","Open sidebar/workspace menu; click Purchase Orders; verify route /Procurement/purchase-orders loads without authorization or data errors.","Purchase Orders is visible for authorized users and the target page loads successfully.","Remove the listed permission from the test role; menu item should be hidden and direct route should not expose data.","Switch English/Arabic and verify menu label, route page title, and layout direction.","","","Menu coverage row"
"UAT-0282","Sales, POS, and orders","Sales Orders","Navigation/access","View/List","/Sales/Orders","PermissionList.OrderIntakePermissions.View","Menu route and page load","Authorized user has the menu permission and company/session context is selected.","Open sidebar/workspace menu; click Sales Orders; verify route /Sales/Orders loads without authorization or data errors.","Sales Orders is visible for authorized users and the target page loads successfully.","Remove the listed permission from the test role; menu item should be hidden and direct route should not expose data.","Switch English/Arabic and verify menu label, route page title, and layout direction.","","","Menu coverage row"
"UAT-0243","Suppliers","Supplier","Create","Workflow","/Suppliers/Supplier/Form","Suppliers.Supplier.Create","POST","Seeded company context, authorized test user, and valid Supplier data where applicable.","Open /Suppliers/Supplier/Form; create or select a record in the required status; execute the workflow action linked to Suppliers.Supplier.Create; verify status, audit trail, downstream data, and unavailable invalid next actions.","Workflow transition succeeds only from valid state, updates visible status, and preserves permission and audit behavior.","Sign in as a user without Suppliers.Supplier.Create; menu/action must be hidden or disabled, and direct navigation/action must be denied.","Switch English/Arabic and verify labels, direction, validation messages, and action alignment remain usable.","","",""
"UAT-0245","Suppliers","Supplier","Delete","Workflow","/Suppliers/Supplier/List","Suppliers.Supplier.Delete","DELETE","Seeded company context, authorized test user, and valid Supplier data where applicable.","Open /Suppliers/Supplier/List; create or select a record in the required status; execute the workflow action linked to Suppliers.Supplier.Delete; verify status, audit trail, downstream data, and unavailable invalid next actions.","Workflow transition succeeds only from valid state, updates visible status, and preserves permission and audit behavior.","Sign in as a user without Suppliers.Supplier.Delete; menu/action must be hidden or disabled, and direct navigation/action must be denied.","Switch English/Arabic and verify labels, direction, validation messages, and action alignment remain usable.","","",""
"UAT-0244","Suppliers","Supplier","Edit","Workflow","/Suppliers/Supplier/View/{Id:guid}","Suppliers.Supplier.Edit","PUT","Seeded company context, authorized test user, and valid Supplier data where applicable.","Open /Suppliers/Supplier/View/{Id:guid}; create or select a record in the required status; execute the workflow action linked to Suppliers.Supplier.Edit; verify status, audit trail, downstream data, and unavailable invalid next actions.","Workflow transition succeeds only from valid state, updates visible status, and preserves permission and audit behavior.","Sign in as a user without Suppliers.Supplier.Edit; menu/action must be hidden or disabled, and direct navigation/action must be denied.","Switch English/Arabic and verify labels, direction, validation messages, and action alignment remain usable.","","",""
"UAT-0241","Suppliers","Supplier","Select","General","/Suppliers/Supplier/List","Suppliers.Supplier.Select","No direct endpoint found or covered through parent UI/service","Seeded company context, authorized test user, and valid Supplier data where applicable.","Open /Suppliers/Supplier/List; verify page loads; search/filter if available; inspect details; check pagination/sorting where present; verify empty-state and refresh behavior.","Supplier page/function is reachable, usable, permission-protected, and data is consistent with backend behavior.","Sign in as a user without Suppliers.Supplier.Select; menu/action must be hidden or disabled, and direct navigation/action must be denied.","Switch English/Arabic and verify labels, direction, validation messages, and action alignment remain usable.","","",""
"UAT-0242","Suppliers","Supplier","View","Workflow","/Suppliers/SupplierGroup/List","Suppliers.Supplier.View","GET","Seeded company context, authorized test user, and valid Supplier data where applicable.","Open /Suppliers/SupplierGroup/List; create or select a record in the required status; execute the workflow action linked to Suppliers.Supplier.View; verify status, audit trail, downstream data, and unavailable invalid next actions.","Workflow transition succeeds only from valid state, updates visible status, and preserves permission and audit behavior.","Sign in as a user without Suppliers.Supplier.View; menu/action must be hidden or disabled, and direct navigation/action must be denied.","Switch English/Arabic and verify labels, direction, validation messages, and action alignment remain usable.","","",""
"UAT-0346","Suppliers","Supplier Groups","Navigation/access","View/List","/Suppliers/SupplierGroup/List","PermissionList.SupplierPermissions.View","Menu route and page load","Authorized user has the menu permission and company/session context is selected.","Open sidebar/workspace menu; click Supplier Groups; verify route /Suppliers/SupplierGroup/List loads without authorization or data errors.","Supplier Groups is visible for authorized users and the target page loads successfully.","Remove the listed permission from the test role; menu item should be hidden and direct route should not expose data.","Switch English/Arabic and verify menu label, route page title, and layout direction.","","","Menu coverage row"
"UAT-0354","Suppliers","Supplier Invoices","Navigation/access","View/List","/Procurement/supplier-invoices","PermissionList.PurchaseReturnPermissions.View","Menu route and page load","Authorized user has the menu permission and company/session context is selected.","Open sidebar/workspace menu; click Supplier Invoices; verify route /Procurement/supplier-invoices loads without authorization or data errors.","Supplier Invoices is visible for authorized users and the target page loads successfully.","Remove the listed permission from the test role; menu item should be hidden and direct route should not expose data.","Switch English/Arabic and verify menu label, route page title, and layout direction.","","","Menu coverage row"
"UAT-0350","Suppliers","Supplier Quotations","Navigation/access","View/List","/Procurement/supplier-quotations","PermissionList.RequestForQuotationPermissions.View","Menu route and page load","Authorized user has the menu permission and company/session context is selected.","Open sidebar/workspace menu; click Supplier Quotations; verify route /Procurement/supplier-quotations loads without authorization or data errors.","Supplier Quotations is visible for authorized users and the target page loads successfully.","Remove the listed permission from the test role; menu item should be hidden and direct route should not expose data.","Switch English/Arabic and verify menu label, route page title, and layout direction.","","","Menu coverage row"
"UAT-0238","Suppliers","SupplierGroup","Create","Workflow","/Suppliers/SupplierGroup/List","Suppliers.SupplierGroup.Create","POST","Seeded company context, authorized test user, and valid SupplierGroup data where applicable.","Open /Suppliers/SupplierGroup/List; create or select a record in the required status; execute the workflow action linked to Suppliers.SupplierGroup.Create; verify status, audit trail, downstream data, and unavailable invalid next actions.","Workflow transition succeeds only from valid state, updates visible status, and preserves permission and audit behavior.","Sign in as a user without Suppliers.SupplierGroup.Create; menu/action must be hidden or disabled, and direct navigation/action must be denied.","Switch English/Arabic and verify labels, direction, validation messages, and action alignment remain usable.","","",""
"UAT-0240","Suppliers","SupplierGroup","Delete","Workflow","/Suppliers/SupplierGroup/List","Suppliers.SupplierGroup.Delete","DELETE","Seeded company context, authorized test user, and valid SupplierGroup data where applicable.","Open /Suppliers/SupplierGroup/List; create or select a record in the required status; execute the workflow action linked to Suppliers.SupplierGroup.Delete; verify status, audit trail, downstream data, and unavailable invalid next actions.","Workflow transition succeeds only from valid state, updates visible status, and preserves permission and audit behavior.","Sign in as a user without Suppliers.SupplierGroup.Delete; menu/action must be hidden or disabled, and direct navigation/action must be denied.","Switch English/Arabic and verify labels, direction, validation messages, and action alignment remain usable.","","",""
"UAT-0239","Suppliers","SupplierGroup","Edit","Workflow","/Suppliers/SupplierGroup/List","Suppliers.SupplierGroup.Edit","PUT","Seeded company context, authorized test user, and valid SupplierGroup data where applicable.","Open /Suppliers/SupplierGroup/List; create or select a record in the required status; execute the workflow action linked to Suppliers.SupplierGroup.Edit; verify status, audit trail, downstream data, and unavailable invalid next actions.","Workflow transition succeeds only from valid state, updates visible status, and preserves permission and audit behavior.","Sign in as a user without Suppliers.SupplierGroup.Edit; menu/action must be hidden or disabled, and direct navigation/action must be denied.","Switch English/Arabic and verify labels, direction, validation messages, and action alignment remain usable.","","",""
"UAT-0236","Suppliers","SupplierGroup","Select","General","/Suppliers/Supplier/View/{Id:guid}","Suppliers.SupplierGroup.Select","No direct endpoint found or covered through parent UI/service","Seeded company context, authorized test user, and valid SupplierGroup data where applicable.","Open /Suppliers/Supplier/View/{Id:guid}; verify page loads; search/filter if available; inspect details; check pagination/sorting where present; verify empty-state and refresh behavior.","SupplierGroup page/function is reachable, usable, permission-protected, and data is consistent with backend behavior.","Sign in as a user without Suppliers.SupplierGroup.Select; menu/action must be hidden or disabled, and direct navigation/action must be denied.","Switch English/Arabic and verify labels, direction, validation messages, and action alignment remain usable.","","",""
"UAT-0237","Suppliers","SupplierGroup","View","Workflow","/Suppliers/SupplierGroup/List","Suppliers.SupplierGroup.View","GET","Seeded company context, authorized test user, and valid SupplierGroup data where applicable.","Open /Suppliers/SupplierGroup/List; create or select a record in the required status; execute the workflow action linked to Suppliers.SupplierGroup.View; verify status, audit trail, downstream data, and unavailable invalid next actions.","Workflow transition succeeds only from valid state, updates visible status, and preserves permission and audit behavior.","Sign in as a user without Suppliers.SupplierGroup.View; menu/action must be hidden or disabled, and direct navigation/action must be denied.","Switch English/Arabic and verify labels, direction, validation messages, and action alignment remain usable.","","",""
"UAT-0216","Suppliers","SupplierInvoice","Approve","Workflow","/Suppliers/Supplier/View/{Id:guid}","Procurement.SupplierInvoice.Approve","No direct endpoint found or covered through parent UI/service","Seeded company context, authorized test user, and valid SupplierInvoice data where applicable.","Open /Suppliers/Supplier/View/{Id:guid}; create or select a record in the required status; execute the workflow action linked to Procurement.SupplierInvoice.Approve; verify status, audit trail, downstream data, and unavailable invalid next actions.","Workflow transition succeeds only from valid state, updates visible status, and preserves permission and audit behavior.","Sign in as a user without Procurement.SupplierInvoice.Approve; menu/action must be hidden or disabled, and direct navigation/action must be denied.","Switch English/Arabic and verify labels, direction, validation messages, and action alignment remain usable.","","",""
"UAT-0217","Suppliers","SupplierInvoice","Cancel","Workflow","/Suppliers/Supplier/View/{Id:guid}","Procurement.SupplierInvoice.Cancel","No direct endpoint found or covered through parent UI/service","Seeded company context, authorized test user, and valid SupplierInvoice data where applicable.","Open /Suppliers/Supplier/View/{Id:guid}; create or select a record in the required status; execute the workflow action linked to Procurement.SupplierInvoice.Cancel; verify status, audit trail, downstream data, and unavailable invalid next actions.","Workflow transition succeeds only from valid state, updates visible status, and preserves permission and audit behavior.","Sign in as a user without Procurement.SupplierInvoice.Cancel; menu/action must be hidden or disabled, and direct navigation/action must be denied.","Switch English/Arabic and verify labels, direction, validation messages, and action alignment remain usable.","","",""
"UAT-0218","Suppliers","SupplierInvoice","Close","Workflow","/Suppliers/Supplier/View/{Id:guid}","Procurement.SupplierInvoice.Close","No direct endpoint found or covered through parent UI/service","Seeded company context, authorized test user, and valid SupplierInvoice data where applicable.","Open /Suppliers/Supplier/View/{Id:guid}; create or select a record in the required status; execute the workflow action linked to Procurement.SupplierInvoice.Close; verify status, audit trail, downstream data, and unavailable invalid next actions.","Workflow transition succeeds only from valid state, updates visible status, and preserves permission and audit behavior.","Sign in as a user without Procurement.SupplierInvoice.Close; menu/action must be hidden or disabled, and direct navigation/action must be denied.","Switch English/Arabic and verify labels, direction, validation messages, and action alignment remain usable.","","",""
"UAT-0213","Suppliers","SupplierInvoice","Create","Workflow","/Suppliers/Supplier/View/{Id:guid}","Procurement.SupplierInvoice.Create","No direct endpoint found or covered through parent UI/service","Seeded company context, authorized test user, and valid SupplierInvoice data where applicable.","Open /Suppliers/Supplier/View/{Id:guid}; create or select a record in the required status; execute the workflow action linked to Procurement.SupplierInvoice.Create; verify status, audit trail, downstream data, and unavailable invalid next actions.","Workflow transition succeeds only from valid state, updates visible status, and preserves permission and audit behavior.","Sign in as a user without Procurement.SupplierInvoice.Create; menu/action must be hidden or disabled, and direct navigation/action must be denied.","Switch English/Arabic and verify labels, direction, validation messages, and action alignment remain usable.","","",""
"UAT-0215","Suppliers","SupplierInvoice","Delete","Workflow","/Suppliers/Supplier/View/{Id:guid}","Procurement.SupplierInvoice.Delete","No direct endpoint found or covered through parent UI/service","Seeded company context, authorized test user, and valid SupplierInvoice data where applicable.","Open /Suppliers/Supplier/View/{Id:guid}; create or select a record in the required status; execute the workflow action linked to Procurement.SupplierInvoice.Delete; verify status, audit trail, downstream data, and unavailable invalid next actions.","Workflow transition succeeds only from valid state, updates visible status, and preserves permission and audit behavior.","Sign in as a user without Procurement.SupplierInvoice.Delete; menu/action must be hidden or disabled, and direct navigation/action must be denied.","Switch English/Arabic and verify labels, direction, validation messages, and action alignment remain usable.","","",""
"UAT-0214","Suppliers","SupplierInvoice","Edit","Workflow","/Suppliers/Supplier/View/{Id:guid}","Procurement.SupplierInvoice.Edit","No direct endpoint found or covered through parent UI/service","Seeded company context, authorized test user, and valid SupplierInvoice data where applicable.","Open /Suppliers/Supplier/View/{Id:guid}; create or select a record in the required status; execute the workflow action linked to Procurement.SupplierInvoice.Edit; verify status, audit trail, downstream data, and unavailable invalid next actions.","Workflow transition succeeds only from valid state, updates visible status, and preserves permission and audit behavior.","Sign in as a user without Procurement.SupplierInvoice.Edit; menu/action must be hidden or disabled, and direct navigation/action must be denied.","Switch English/Arabic and verify labels, direction, validation messages, and action alignment remain usable.","","",""
"UAT-0211","Suppliers","SupplierInvoice","Select","Workflow","/Suppliers/Supplier/View/{Id:guid}","Procurement.SupplierInvoice.Select","No direct endpoint found or covered through parent UI/service","Seeded company context, authorized test user, and valid SupplierInvoice data where applicable.","Open /Suppliers/Supplier/View/{Id:guid}; create or select a record in the required status; execute the workflow action linked to Procurement.SupplierInvoice.Select; verify status, audit trail, downstream data, and unavailable invalid next actions.","Workflow transition succeeds only from valid state, updates visible status, and preserves permission and audit behavior.","Sign in as a user without Procurement.SupplierInvoice.Select; menu/action must be hidden or disabled, and direct navigation/action must be denied.","Switch English/Arabic and verify labels, direction, validation messages, and action alignment remain usable.","","",""
"UAT-0212","Suppliers","SupplierInvoice","View","Workflow","/Suppliers/Supplier/View/{Id:guid}","Procurement.SupplierInvoice.View","No direct endpoint found or covered through parent UI/service","Seeded company context, authorized test user, and valid SupplierInvoice data where applicable.","Open /Suppliers/Supplier/View/{Id:guid}; create or select a record in the required status; execute the workflow action linked to Procurement.SupplierInvoice.View; verify status, audit trail, downstream data, and unavailable invalid next actions.","Workflow transition succeeds only from valid state, updates visible status, and preserves permission and audit behavior.","Sign in as a user without Procurement.SupplierInvoice.View; menu/action must be hidden or disabled, and direct navigation/action must be denied.","Switch English/Arabic and verify labels, direction, validation messages, and action alignment remain usable.","","",""
"UAT-0185","Suppliers","SupplierQuotation","Approve","Workflow","/Suppliers/Supplier/View/{Id:guid}","Procurement.SupplierQuotation.Approve","No direct endpoint found or covered through parent UI/service","Seeded company context, authorized test user, and valid SupplierQuotation data where applicable.","Open /Suppliers/Supplier/View/{Id:guid}; create or select a record in the required status; execute the workflow action linked to Procurement.SupplierQuotation.Approve; verify status, audit trail, downstream data, and unavailable invalid next actions.","Workflow transition succeeds only from valid state, updates visible status, and preserves permission and audit behavior.","Sign in as a user without Procurement.SupplierQuotation.Approve; menu/action must be hidden or disabled, and direct navigation/action must be denied.","Switch English/Arabic and verify labels, direction, validation messages, and action alignment remain usable.","","",""
"UAT-0182","Suppliers","SupplierQuotation","Create","Create","/Suppliers/Supplier/View/{Id:guid}","Procurement.SupplierQuotation.Create","No direct endpoint found or covered through parent UI/service","Seeded company context, authorized test user, and valid SupplierQuotation data where applicable.","Open /Suppliers/Supplier/View/{Id:guid}; click Add/New; enter valid required data; save; confirm success toast and new row/detail is visible; repeat with missing required data to verify validation.","SupplierQuotation is created only with valid data, visible in the UI, and persisted after reload.","Sign in as a user without Procurement.SupplierQuotation.Create; menu/action must be hidden or disabled, and direct navigation/action must be denied.","Switch English/Arabic and verify labels, direction, validation messages, and action alignment remain usable.","","",""
"UAT-0184","Suppliers","SupplierQuotation","Delete","Delete","/Suppliers/Supplier/View/{Id:guid}","Procurement.SupplierQuotation.Delete","No direct endpoint found or covered through parent UI/service","Seeded company context, authorized test user, and valid SupplierQuotation data where applicable.","Open /Suppliers/Supplier/View/{Id:guid}; select a disposable test record; choose Delete/Remove; confirm dialog; verify record is removed or marked inactive and cannot be selected where inappropriate.","SupplierQuotation deletion/removal follows the product rule and no deleted item remains actionable.","Sign in as a user without Procurement.SupplierQuotation.Delete; menu/action must be hidden or disabled, and direct navigation/action must be denied.","Switch English/Arabic and verify labels, direction, validation messages, and action alignment remain usable.","","",""
"UAT-0183","Suppliers","SupplierQuotation","Edit","Edit","/Suppliers/Supplier/View/{Id:guid}","Procurement.SupplierQuotation.Edit","No direct endpoint found or covered through parent UI/service","Seeded company context, authorized test user, and valid SupplierQuotation data where applicable.","Open /Suppliers/Supplier/View/{Id:guid}; select an existing record; edit allowed fields; save; verify success toast and persisted changes after refresh.","SupplierQuotation changes are saved, reloaded correctly, and validation prevents invalid updates.","Sign in as a user without Procurement.SupplierQuotation.Edit; menu/action must be hidden or disabled, and direct navigation/action must be denied.","Switch English/Arabic and verify labels, direction, validation messages, and action alignment remain usable.","","",""
"UAT-0186","Suppliers","SupplierQuotation","Reject","Workflow","/Suppliers/Supplier/View/{Id:guid}","Procurement.SupplierQuotation.Reject","No direct endpoint found or covered through parent UI/service","Seeded company context, authorized test user, and valid SupplierQuotation data where applicable.","Open /Suppliers/Supplier/View/{Id:guid}; create or select a record in the required status; execute the workflow action linked to Procurement.SupplierQuotation.Reject; verify status, audit trail, downstream data, and unavailable invalid next actions.","Workflow transition succeeds only from valid state, updates visible status, and preserves permission and audit behavior.","Sign in as a user without Procurement.SupplierQuotation.Reject; menu/action must be hidden or disabled, and direct navigation/action must be denied.","Switch English/Arabic and verify labels, direction, validation messages, and action alignment remain usable.","","",""
"UAT-0180","Suppliers","SupplierQuotation","Select","General","/Suppliers/Supplier/View/{Id:guid}","Procurement.SupplierQuotation.Select","No direct endpoint found or covered through parent UI/service","Seeded company context, authorized test user, and valid SupplierQuotation data where applicable.","Open /Suppliers/Supplier/View/{Id:guid}; verify page loads; search/filter if available; inspect details; check pagination/sorting where present; verify empty-state and refresh behavior.","SupplierQuotation page/function is reachable, usable, permission-protected, and data is consistent with backend behavior.","Sign in as a user without Procurement.SupplierQuotation.Select; menu/action must be hidden or disabled, and direct navigation/action must be denied.","Switch English/Arabic and verify labels, direction, validation messages, and action alignment remain usable.","","",""
"UAT-0181","Suppliers","SupplierQuotation","View","View/List","/Procurement/purchase-orders","Procurement.SupplierQuotation.View","No direct endpoint found or covered through parent UI/service","Seeded company context, authorized test user, and valid SupplierQuotation data where applicable.","Open /Procurement/purchase-orders; verify page loads; search/filter if available; inspect details; check pagination/sorting where present; verify empty-state and refresh behavior.","SupplierQuotation page/function is reachable, usable, permission-protected, and data is consistent with backend behavior.","Sign in as a user without Procurement.SupplierQuotation.View; menu/action must be hidden or disabled, and direct navigation/action must be denied.","Switch English/Arabic and verify labels, direction, validation messages, and action alignment remain usable.","","",""
"UAT-0345","Suppliers","Suppliers","Navigation/access","View/List","/Suppliers/Supplier/List","PermissionList.SupplierPermissions.Select","Menu route and page load","Authorized user has the menu permission and company/session context is selected.","Open sidebar/workspace menu; click Suppliers; verify route /Suppliers/Supplier/List loads without authorization or data errors.","Suppliers is visible for authorized users and the target page loads successfully.","Remove the listed permission from the test role; menu item should be hidden and direct route should not expose data.","Switch English/Arabic and verify menu label, route page title, and layout direction.","","","Menu coverage row"
"UAT-0359","Task management","Kanban Board","Navigation/access","View/List","/TaskManagement/Kanban","PermissionList.TaskManagementPermissions.View","Menu route and page load","Authorized user has the menu permission and company/session context is selected.","Open sidebar/workspace menu; click Kanban Board; verify route /TaskManagement/Kanban loads without authorization or data errors.","Kanban Board is visible for authorized users and the target page loads successfully.","Remove the listed permission from the test role; menu item should be hidden and direct route should not expose data.","Switch English/Arabic and verify menu label, route page title, and layout direction.","","","Menu coverage row"
"UAT-0356","Task management","My Tasks","Navigation/access","View/List","/TaskManagement/MyTasks","PermissionList.TaskManagementPermissions.View","Menu route and page load","Authorized user has the menu permission and company/session context is selected.","Open sidebar/workspace menu; click My Tasks; verify route /TaskManagement/MyTasks loads without authorization or data errors.","My Tasks is visible for authorized users and the target page loads successfully.","Remove the listed permission from the test role; menu item should be hidden and direct route should not expose data.","Switch English/Arabic and verify menu label, route page title, and layout direction.","","","Menu coverage row"
"UAT-0357","Task management","Notifications","Navigation/access","View/List","/TaskManagement/Notifications","PermissionList.TaskManagementPermissions.View","Menu route and page load","Authorized user has the menu permission and company/session context is selected.","Open sidebar/workspace menu; click Notifications; verify route /TaskManagement/Notifications loads without authorization or data errors.","Notifications is visible for authorized users and the target page loads successfully.","Remove the listed permission from the test role; menu item should be hidden and direct route should not expose data.","Switch English/Arabic and verify menu label, route page title, and layout direction.","","","Menu coverage row"
"UAT-0360","Task management","Reports","Navigation/access","View/List","/TaskManagement/Reports","PermissionList.TaskManagementPermissions.View","Menu route and page load","Authorized user has the menu permission and company/session context is selected.","Open sidebar/workspace menu; click Reports; verify route /TaskManagement/Reports loads without authorization or data errors.","Reports is visible for authorized users and the target page loads successfully.","Remove the listed permission from the test role; menu item should be hidden and direct route should not expose data.","Switch English/Arabic and verify menu label, route page title, and layout direction.","","","Menu coverage row"
"UAT-0251","Task management","Task","Assign","Workflow","/TaskManagement/View/{Id:guid}","TaskManagement.Task.Assign","PUT","Seeded company context, authorized test user, and valid Task data where applicable.","Open /TaskManagement/View/{Id:guid}; create or select a record in the required status; execute the workflow action linked to TaskManagement.Task.Assign; verify status, audit trail, downstream data, and unavailable invalid next actions.","Workflow transition succeeds only from valid state, updates visible status, and preserves permission and audit behavior.","Sign in as a user without TaskManagement.Task.Assign; menu/action must be hidden or disabled, and direct navigation/action must be denied.","Switch English/Arabic and verify labels, direction, validation messages, and action alignment remain usable.","","",""
"UAT-0254","Task management","Task","Close","Workflow","/TaskManagement/Kanban","TaskManagement.Task.Close","No direct endpoint found or covered through parent UI/service","Seeded company context, authorized test user, and valid Task data where applicable.","Open /TaskManagement/Kanban; create or select a record in the required status; execute the workflow action linked to TaskManagement.Task.Close; verify status, audit trail, downstream data, and unavailable invalid next actions.","Workflow transition succeeds only from valid state, updates visible status, and preserves permission and audit behavior.","Sign in as a user without TaskManagement.Task.Close; menu/action must be hidden or disabled, and direct navigation/action must be denied.","Switch English/Arabic and verify labels, direction, validation messages, and action alignment remain usable.","","",""
"UAT-0253","Task management","Task","Comment","Workflow","/TaskManagement/View/{Id:guid}","TaskManagement.Task.Comment","POST/PUT","Seeded company context, authorized test user, and valid Task data where applicable.","Open /TaskManagement/View/{Id:guid}; create or select a record in the required status; execute the workflow action linked to TaskManagement.Task.Comment; verify status, audit trail, downstream data, and unavailable invalid next actions.","Workflow transition succeeds only from valid state, updates visible status, and preserves permission and audit behavior.","Sign in as a user without TaskManagement.Task.Comment; menu/action must be hidden or disabled, and direct navigation/action must be denied.","Switch English/Arabic and verify labels, direction, validation messages, and action alignment remain usable.","","",""
"UAT-0248","Task management","Task","Create","Workflow","/TaskManagement/Create","TaskManagement.Task.Create","POST","Seeded company context, authorized test user, and valid Task data where applicable.","Open /TaskManagement/Create; create or select a record in the required status; execute the workflow action linked to TaskManagement.Task.Create; verify status, audit trail, downstream data, and unavailable invalid next actions.","Workflow transition succeeds only from valid state, updates visible status, and preserves permission and audit behavior.","Sign in as a user without TaskManagement.Task.Create; menu/action must be hidden or disabled, and direct navigation/action must be denied.","Switch English/Arabic and verify labels, direction, validation messages, and action alignment remain usable.","","",""
"UAT-0250","Task management","Task","Delete","Workflow","/TaskManagement/List","TaskManagement.Task.Delete","DELETE","Seeded company context, authorized test user, and valid Task data where applicable.","Open /TaskManagement/List; create or select a record in the required status; execute the workflow action linked to TaskManagement.Task.Delete; verify status, audit trail, downstream data, and unavailable invalid next actions.","Workflow transition succeeds only from valid state, updates visible status, and preserves permission and audit behavior.","Sign in as a user without TaskManagement.Task.Delete; menu/action must be hidden or disabled, and direct navigation/action must be denied.","Switch English/Arabic and verify labels, direction, validation messages, and action alignment remain usable.","","",""
"UAT-0249","Task management","Task","Edit","Workflow","/TaskManagement/Edit/{Id:guid}","TaskManagement.Task.Edit","PUT","Seeded company context, authorized test user, and valid Task data where applicable.","Open /TaskManagement/Edit/{Id:guid}; create or select a record in the required status; execute the workflow action linked to TaskManagement.Task.Edit; verify status, audit trail, downstream data, and unavailable invalid next actions.","Workflow transition succeeds only from valid state, updates visible status, and preserves permission and audit behavior.","Sign in as a user without TaskManagement.Task.Edit; menu/action must be hidden or disabled, and direct navigation/action must be denied.","Switch English/Arabic and verify labels, direction, validation messages, and action alignment remain usable.","","",""
"UAT-0256","Task management","Task","ManageAllTasks","Workflow","/TaskManagement/Dashboard","TaskManagement.Task.ManageAllTasks","POST","Seeded company context, authorized test user, and valid Task data where applicable.","Open /TaskManagement/Dashboard; create or select a record in the required status; execute the workflow action linked to TaskManagement.Task.ManageAllTasks; verify status, audit trail, downstream data, and unavailable invalid next actions.","Workflow transition succeeds only from valid state, updates visible status, and preserves permission and audit behavior.","Sign in as a user without TaskManagement.Task.ManageAllTasks; menu/action must be hidden or disabled, and direct navigation/action must be denied.","Switch English/Arabic and verify labels, direction, validation messages, and action alignment remain usable.","","",""
"UAT-0252","Task management","Task","Reassign","Workflow","/TaskManagement/Create","TaskManagement.Task.Reassign","No direct endpoint found or covered through parent UI/service","Seeded company context, authorized test user, and valid Task data where applicable.","Open /TaskManagement/Create; create or select a record in the required status; execute the workflow action linked to TaskManagement.Task.Reassign; verify status, audit trail, downstream data, and unavailable invalid next actions.","Workflow transition succeeds only from valid state, updates visible status, and preserves permission and audit behavior.","Sign in as a user without TaskManagement.Task.Reassign; menu/action must be hidden or disabled, and direct navigation/action must be denied.","Switch English/Arabic and verify labels, direction, validation messages, and action alignment remain usable.","","",""
"UAT-0246","Task management","Task","Select","General","/TaskManagement/Dashboard","TaskManagement.Task.Select","No direct endpoint found or covered through parent UI/service","Seeded company context, authorized test user, and valid Task data where applicable.","Open /TaskManagement/Dashboard; verify page loads; search/filter if available; inspect details; check pagination/sorting where present; verify empty-state and refresh behavior.","Task page/function is reachable, usable, permission-protected, and data is consistent with backend behavior.","Sign in as a user without TaskManagement.Task.Select; menu/action must be hidden or disabled, and direct navigation/action must be denied.","Switch English/Arabic and verify labels, direction, validation messages, and action alignment remain usable.","","",""
"UAT-0247","Task management","Task","View","Workflow","/TaskManagement/MyTasks","TaskManagement.Task.View","PUT/POST/GET/DELETE","Seeded company context, authorized test user, and valid Task data where applicable.","Open /TaskManagement/MyTasks; create or select a record in the required status; execute the workflow action linked to TaskManagement.Task.View; verify status, audit trail, downstream data, and unavailable invalid next actions.","Workflow transition succeeds only from valid state, updates visible status, and preserves permission and audit behavior.","Sign in as a user without TaskManagement.Task.View; menu/action must be hidden or disabled, and direct navigation/action must be denied.","Switch English/Arabic and verify labels, direction, validation messages, and action alignment remain usable.","","",""
"UAT-0255","Task management","Task","ViewReports","Report/Dashboard","/TaskManagement/Reports","TaskManagement.Task.ViewReports","GET","Seeded company context, authorized test user, and valid Task data where applicable.","Open /TaskManagement/Reports; verify widgets/table load; apply available filters/date range; compare totals with source records; verify empty-state behavior with filters that return no data.","Dashboard/report data loads, filters correctly, and matches underlying transactional records.","Sign in as a user without TaskManagement.Task.ViewReports; menu/action must be hidden or disabled, and direct navigation/action must be denied.","Switch English/Arabic and verify labels, direction, validation messages, and action alignment remain usable.","","",""
"UAT-0358","Task management","Task List","Navigation/access","View/List","/TaskManagement/List","PermissionList.TaskManagementPermissions.View","Menu route and page load","Authorized user has the menu permission and company/session context is selected.","Open sidebar/workspace menu; click Task List; verify route /TaskManagement/List loads without authorization or data errors.","Task List is visible for authorized users and the target page loads successfully.","Remove the listed permission from the test role; menu item should be hidden and direct route should not expose data.","Switch English/Arabic and verify menu label, route page title, and layout direction.","","","Menu coverage row"
