"Module","BackendModule","Entity","FeatureAction","ActionKind","HttpMethod","BackendRoute","RequiredPermission","PermissionReference","UICoverageStatus","UIRouteOrPath","GapSeverity","BackendSource"
"Auth and security","Auth","Roles","CreateRole","Workflow","POST","""/api/v1/auth/roles"", async (CreateRoleRequest request, ISender sender) =>","PermissionList.RolesPermissions.Create","RolesPermissions.Create","In-page action reachable","/Auth/Role/Form","Covered","src/Modules/Auth/Auth/Users/Features/Roles/CreateRole/CreateRoleEndpoint.cs"
"Auth and security","Auth","Roles","DeleteRole","Workflow","DELETE","""/api/v1/auth/roles/{roleName}"", async ([FromRoute] string roleName, [FromServices] ISender sender) =>","PermissionList.RolesPermissions.Delete","RolesPermissions.Delete","In-page action reachable","/Auth/User/AssignRole","Covered","src/Modules/Auth/Auth/Users/Features/Roles/DeleteRole/DeleteRoleEndpoint.cs"
"Auth and security","Auth","Roles","GetRoleByName","Workflow","GET","""/api/v1/auth/roles/{roleName}"", async (string roleName, ISender sender) =>","PermissionList.RolesPermissions.View","RolesPermissions.View","Menu reachable","/Auth/User/AssignRole","Covered","src/Modules/Auth/Auth/Users/Features/Roles/GetRoleByName/GetRoleByNameEndpoint.cs"
"Auth and security","Auth","Roles","GetRoles","Workflow","GET","""/api/v1/auth/roles/company/{companyId}"", async ([FromRoute] Guid companyId, ISender sender) =>","PermissionList.RolesPermissions.View","RolesPermissions.View","Menu reachable","/Auth/User/AssignRole","Covered","src/Modules/Auth/Auth/Users/Features/Roles/GetRoles/GetRolesEndpoint.cs"
"Auth and security","Auth","Roles","GetRolesByUserName","Workflow","GET","""/api/v1/auth/roles/GetByUserName/{userName}"", async (string userName, ISender sender) =>","PermissionList.RolesPermissions.View","RolesPermissions.View","Menu reachable","/Auth/User/AssignRole","Covered","src/Modules/Auth/Auth/Users/Features/Roles/GetRolesByUserName/GetRolesByUserNameEndpoint.cs"
"Auth and security","Auth","Users","GetByUserName","Workflow","GET","""/api/v1/auth/users/GetByUserName/{userName}"", async (string userName, ISender sender) =>","PermissionList.UsersPermissions.View","UsersPermissions.View","Menu reachable","/GeneralSettings/SystemSettings","Covered","src/Modules/Auth/Auth/Users/Features/Users/GetByUserName/GetByUserNameEndpoint.cs"
"Auth and security","Auth","Users","GetUsersByCompany","Workflow","GET","""/api/v1/auth/Users/company/{companyId}"", async ([FromRoute] Guid companyId, [AsParameters] PaginationRequest request, [FromServices] ISender sender) =>","PermissionList.UsersPermissions.View","UsersPermissions.View","Menu reachable","/GeneralSettings/SystemSettings","Covered","src/Modules/Auth/Auth/Users/Features/Users/GetUsersByCompany/GetUsersGetUsersByCompanyEndpoint.cs"
"Catalog and pricing","Catalog","Brands","CreateBrand","Workflow","POST","""/api/v1/catalog/Brands"", async (CreateBrandRequest request, ISender sender) =>","$""{PermissionList.BrandPermissions.Create}""","BrandPermissions.Create","In-page action reachable","/Warehouse/Product/Brand/List","Covered","src/Modules/Catalog/Catalog/Products/Features/Brands/CreateBrand/CreateBrandEndPoint.cs"
"Catalog and pricing","Catalog","Brands","GetBrandById","Workflow","GET","""/api/v1/catalog/brands/{id}"", async (Guid id, ISender sender) =>","PermissionList.BrandPermissions.View","BrandPermissions.View","Menu reachable","/Warehouse/Product/Category/List","Covered","src/Modules/Catalog/Catalog/Products/Features/Brands/GetBrandById/GetBrandByIdEndPoint.cs"
"Catalog and pricing","Catalog","Brands","GetBrands","Workflow","GET","""/api/v1/catalog/Brands"", async ([AsParameters] PaginationRequest request,ISender sender) =>","PermissionList.BrandPermissions.View","BrandPermissions.View","Menu reachable","/Warehouse/Product/Category/List","Covered","src/Modules/Catalog/Catalog/Products/Features/Brands/GetBrands/GetBrandsEndPoint.cs"
"Catalog and pricing","Catalog","Brands","GetBrandsByCompanyId","View/List","GET","""/api/v1/catalog/brands/company/{companyId}"",","PermissionList.BrandPermissions.View","BrandPermissions.View","Menu reachable","/Warehouse/Product/Category/List","Covered","src/Modules/Catalog/Catalog/Products/Features/Brands/GetBrandsByCompanyId/GetBrandsByCompanyIdEndpoint.cs"
"Catalog and pricing","Catalog","Brands","RemoveBrand","Workflow","DELETE","""/api/v1/catalog/brands/{id}"", async ([FromRoute]Guid id,[FromServices] ISender sender) =>","$""{PermissionList.BrandPermissions.Delete}""","BrandPermissions.Delete","In-page action reachable","/Warehouse/Product/Brand/List","Covered","src/Modules/Catalog/Catalog/Products/Features/Brands/RemoveBrand/RemoveBrandEndPoint.cs"
"Catalog and pricing","Catalog","Brands","UpdateBrand","Workflow","PUT","""/api/v1/catalog/brands"", async (UpdateBrandRequest request, ISender sender) =>","$""{PermissionList.BrandPermissions.Edit}""","BrandPermissions.Edit","In-page action reachable","/Warehouse/Product/Brand/List","Covered","src/Modules/Catalog/Catalog/Products/Features/Brands/UpdateBrand/UpdateBrandEndPoint.cs"
"Catalog and pricing","Catalog","Categories","CreateCategory","Workflow","POST","""/api/v1/catalog/categories"", async (CreateCategoryRequest request, ISender sender) =>","$""{PermissionList.CategoryPermissions.Create}""","CategoryPermissions.Create","In-page action reachable","/Warehouse/Product/Category/List","Covered","src/Modules/Catalog/Catalog/Products/Features/Categories/CreateCategory/CreateCategoryEndPoint.cs"
"Catalog and pricing","Catalog","Categories","GetCategories","Workflow","GET","""/api/v1/catalog/categories"", async ([AsParameters] PaginationRequest request, [FromServices] ISender sender) =>","PermissionList.CategoryPermissions.View","CategoryPermissions.View","Menu reachable","/Warehouse/Product/Unit/List","Covered","src/Modules/Catalog/Catalog/Products/Features/Categories/GetCategories/GetCategoriesEndPoint.cs"
"Catalog and pricing","Catalog","Categories","GetCategoriesByCompany","Workflow","GET","""/api/v1/catalog/categories/company/{companyId}"", async ([FromRoute]Guid companyId,[AsParameters] PaginationRequest request, [FromServices] ISender sender) =>","PermissionList.CategoryPermissions.View","CategoryPermissions.View","Menu reachable","/Warehouse/Product/Unit/List","Covered","src/Modules/Catalog/Catalog/Products/Features/Categories/GetCategoriesByCompany/GetCategoriesByCompanyEndpoint.cs"
"Catalog and pricing","Catalog","Categories","GetCategoryById","Workflow","GET","""/api/v1/catalog/Categories/{id}"", async (Guid id, ISender sender) =>","PermissionList.CategoryPermissions.View","CategoryPermissions.View","Menu reachable","/Warehouse/Product/Unit/List","Covered","src/Modules/Catalog/Catalog/Products/Features/Categories/GetCategoryById/GetCategoryByIdEndPoint.cs"
"Catalog and pricing","Catalog","Categories","RemoveCategory","Workflow","DELETE","""/api/v1/catalog/categories/{id}"", async ([FromRoute]Guid id, [FromServices]ISender sender) =>","$""{PermissionList.CategoryPermissions.Delete}""","CategoryPermissions.Delete","In-page action reachable","/Warehouse/Product/Category/List","Covered","src/Modules/Catalog/Catalog/Products/Features/Categories/RemoveCategory/RemoveCategoryEndPoint.cs"
"Catalog and pricing","Catalog","Categories","UpdateCategory","Workflow","PUT","""/api/v1/catalog/categories"", async (UpdateCategoryRequest request, ISender sender) =>","$""{PermissionList.CategoryPermissions.Edit}""","CategoryPermissions.Edit","In-page action reachable","/Warehouse/Product/Category/List","Covered","src/Modules/Catalog/Catalog/Products/Features/Categories/UpdateCategory/UpdateCategoryEndPoint.cs"
"Catalog and pricing","Pricing","PriceListItems","CreatePriceListItem","Workflow","POST","""/api/v1/pricing/priceListItems"", async (CreatePriceListItemRequest request, ISender sender) =>","PermissionList.PricingPermissions.Create","PricingPermissions.Create","In-page action reachable","/Catalog/Pricing/List","Covered","src/Modules/Pricing/Pricing/Pricings/Features/PriceListItems/CreatePriceListItem/CreatePriceListItemEndpoint.cs"
"Catalog and pricing","Pricing","PriceListItems","GetPriceListItems","Workflow","GET","""/api/v1/pricing/priceLists/{priceListId}/items"", async ([FromRoute] Guid priceListId, ISender sender) =>","PermissionList.PricingPermissions.View","PricingPermissions.View","Menu reachable","/Catalog/Product/ProductSku/List","Covered","src/Modules/Pricing/Pricing/Pricings/Features/PriceListItems/GetPriceListItems/GetPriceListItemsEndpoint.cs"
"Catalog and pricing","Pricing","PriceListItems","UpdatePriceListItem","Workflow","PUT","""/api/v1/pricing/priceListItems"", async (UpdatePriceListItemRequest request, ISender sender) =>","PermissionList.PricingPermissions.Edit","PricingPermissions.Edit","In-page action reachable","/Catalog/Pricing/List","Covered","src/Modules/Pricing/Pricing/Pricings/Features/PriceListItems/UpdatePriceListItem/UpdatePriceListItemEndpoint.cs"
"Catalog and pricing","Pricing","PriceLists","CreatePriceList","Workflow","POST","""/api/v1/pricing/priceLists"", async (CreatePriceListRequest request, ISender sender) =>","PermissionList.PricingPermissions.Create","PricingPermissions.Create","In-page action reachable","/Catalog/Pricing/List","Covered","src/Modules/Pricing/Pricing/Pricings/Features/PriceLists/CreatePriceList/CreatePriceListEndpoint.cs"
"Catalog and pricing","Pricing","PriceLists","GetPriceListsByCompany","Workflow","GET","""/api/v1/pricing/priceLists/company/{companyId}"", async ([FromRoute] Guid companyId, [AsParameters] PaginationRequest request, ISender sender) =>","PermissionList.PricingPermissions.View","PricingPermissions.View","Menu reachable","/Catalog/Product/ProductSku/List","Covered","src/Modules/Pricing/Pricing/Pricings/Features/PriceLists/GetPriceListsByCompany/GetPriceListsByCompanyEndpoint.cs"
"Catalog and pricing","Pricing","PriceLists","UpdatePriceList","Workflow","PUT","""/api/v1/pricing/priceLists"", async (UpdatePriceListRequest request, ISender sender) =>","PermissionList.PricingPermissions.Edit","PricingPermissions.Edit","In-page action reachable","/Catalog/Pricing/List","Covered","src/Modules/Pricing/Pricing/Pricings/Features/PriceLists/UpdatePriceList/UpdatePriceListEndpoint.cs"
"Catalog and pricing","Catalog","ProductPackages","CreateProductPackage","Workflow","POST","""/api/v1/catalog/packages"", async (AddProductPackageRequest request, ISender sender) =>","$""{PermissionList.ProductPackagePermissions.Create}""","ProductPackagePermissions.Create","In-page action reachable","/Warehouse/Product/Packages/List","Covered","src/Modules/Catalog/Catalog/Products/Features/ProductPackages/CreateProductPackage/CreateProductPackageEndPoint.cs"
"Catalog and pricing","Catalog","ProductPackages","GetProductPackageById","Workflow","GET","""/api/v1/catalog/packages/{id:guid}"", async ([FromRoute]Guid id,[FromServices] ISender sender) =>","PermissionList.ProductPackagePermissions.View","ProductPackagePermissions.View","Menu reachable","/Warehouse/Product/Brand/List","Covered","src/Modules/Catalog/Catalog/Products/Features/ProductPackages/GetProductPackageById/GetProductPackageByIdEndPoint.cs"
"Catalog and pricing","Catalog","ProductPackages","GetProductPackages","Workflow","GET","""/api/v1/catalog/packages"", async ([AsParameters] PaginationRequest request, [FromServices] ISender sender) =>","PermissionList.ProductPackagePermissions.View","ProductPackagePermissions.View","Menu reachable","/Warehouse/Product/Brand/List","Covered","src/Modules/Catalog/Catalog/Products/Features/ProductPackages/GetProductPackages/GetProductPackagesEndPoint.cs"
"Catalog and pricing","Catalog","ProductPackages","GetProductPackagesByCompany","Workflow","GET","""/api/v1/catalog/packages/company/{companyId}"", async ([FromRoute]Guid companyId,[AsParameters] PaginationRequest request, [FromServices] ISender sender) =>","PermissionList.ProductPackagePermissions.View","ProductPackagePermissions.View","Menu reachable","/Warehouse/Product/Brand/List","Covered","src/Modules/Catalog/Catalog/Products/Features/ProductPackages/GetProductPackagesByCompany/GetProductPackagesByCompanyEndPoint.cs"
"Catalog and pricing","Catalog","ProductPackages","RemoveProductPackage","Workflow","DELETE","""/api/v1/catalog/packages/{id}"", async ([FromRoute] Guid id, [FromServices] ISender sender) =>","$""{PermissionList.ProductPackagePermissions.Delete}""","ProductPackagePermissions.Delete","In-page action reachable","/Warehouse/Product/Packages/List","Covered","src/Modules/Catalog/Catalog/Products/Features/ProductPackages/RemoveProductPackage/RemoveProductPackageEndPoint.cs"
"Catalog and pricing","Catalog","ProductPackages","UpdateProductPackage","Workflow","PUT","""/api/v1/catalog/packages"", async (UpdateProductPackageRequest request, ISender sender) =>","$""{PermissionList.ProductPackagePermissions.Edit}""","ProductPackagePermissions.Edit","In-page action reachable","/Warehouse/Product/Packages/List","Covered","src/Modules/Catalog/Catalog/Products/Features/ProductPackages/UpdateProductPackage/UpdateProductPackageEndPoint.cs"
"Catalog and pricing","Catalog","Products","AddProductSku","Workflow","POST","""/api/v1/catalog/products/skus"", async (AddProductSkuRequest request, ISender sender) =>","$""{PermissionList.ProductPermissions.Create}""","ProductPermissions.Create","In-page action reachable","/Catalog/Product/List","Covered","src/Modules/Catalog/Catalog/Products/Features/Products/AddProductSku/AddProductSkuEndPoint.cs"
"Catalog and pricing","Catalog","Products","CreateProduct","Workflow","POST","""/api/v1/catalog/products"", async (CreateProductRequest request, ISender sender) =>","$""{PermissionList.ProductPermissions.Create}""","ProductPermissions.Create","In-page action reachable","/Catalog/Product/List","Covered","src/Modules/Catalog/Catalog/Products/Features/Products/CreateProduct/CreateProductEndPoint.cs"
"Catalog and pricing","Catalog","Products","GetProductByCompany","View/List","GET","""/api/v1/catalog/products/company/{companyId}"",","PermissionList.ProductPermissions.View","ProductPermissions.View","Menu reachable","/Catalog/Product/List","Covered","src/Modules/Catalog/Catalog/Products/Features/Products/GetProductByCompany/GetProductByCompanyEndpoint.cs"
"Catalog and pricing","Catalog","Products","GetProductByCompany","View/List","GET","""/api/v1/catalog/products/company/{companyId}/priced"",","PermissionList.ProductPermissions.View","ProductPermissions.View","Menu reachable","/Catalog/Product/List","Covered","src/Modules/Catalog/Catalog/Products/Features/Products/GetProductByCompany/GetProductByCompanyEndpoint.cs"
"Catalog and pricing","Catalog","Products","GetProductById","Workflow","GET","""/api/v1/catalog/products/{id}"", async (Guid id, ISender sender) =>","PermissionList.ProductPermissions.Select","ProductPermissions.Select","Menu reachable","/Warehouse/Product/Dashboard","Covered","src/Modules/Catalog/Catalog/Products/Features/Products/GetProductById/GetProductByIdEndPoint.cs"
"Catalog and pricing","Catalog","Products","GetProducts","Workflow","GET","""/api/v1/catalog/products"", async ([AsParameters]PaginationRequest request, [FromServices]ISender sender) =>","PermissionList.ProductPermissions.View","ProductPermissions.View","Menu reachable","/Catalog/Product/List","Covered","src/Modules/Catalog/Catalog/Products/Features/Products/GetProducts/GetProductsEndPoint.cs"
"Catalog and pricing","Catalog","Products","GetProductsByCategoryId","Workflow","GET","""/api/v1/catalog/products/GetByCategory/{categoryId}"", async ( [FromRoute] Guid categoryId,[AsParameters] PaginationRequest request,[FromServices] ISender sender) =>","PermissionList.ProductPermissions.View","ProductPermissions.View","Menu reachable","/Catalog/Product/List","Covered","src/Modules/Catalog/Catalog/Products/Features/Products/GetProductsByCategoryId/GetProductsByCategoryIdEndPoint.cs"
"Catalog and pricing","Catalog","Products","GetProductsByProductSKUIds","Workflow","POST","""/api/v1/catalog/products/getBySkuIds"", async (GetProductsByProductSKUIdsRequest request, [FromServices] ISender sender) =>","PermissionList.ProductPermissions.View","ProductPermissions.View","Menu reachable","/Catalog/Product/List","Covered","src/Modules/Catalog/Catalog/Products/Features/Products/GetProductsByProductSKUIds/GetProductsByProductSKUIdsEndPoint.cs"
"Catalog and pricing","Catalog","Products","GetProductSkuById","Workflow","GET","""/api/v1/catalog/products/skus/{id:guid}"", async (Guid id, ISender sender) =>","PermissionList.ProductPermissions.View","ProductPermissions.View","Menu reachable","/Catalog/Product/List","Covered","src/Modules/Catalog/Catalog/Products/Features/Products/GetProductSkuById/GetProductSkuByIdEndPoint.cs"
"Catalog and pricing","Catalog","Products","RemoveProduct","Workflow","DELETE","""/api/v1/catalog/products/{id}"", async ([FromRoute] Guid id, [FromServices] ISender sender) =>","$""{PermissionList.ProductPermissions.Delete}""","ProductPermissions.Delete","In-page action reachable","/Catalog/Product/List","Covered","src/Modules/Catalog/Catalog/Products/Features/Products/RemoveProduct/RemoveProductEndPoint.cs"
"Catalog and pricing","Catalog","Products","RemoveProductSku","Workflow","DELETE","""/api/v1/catalog/products/Skus/{id}"", async ([FromRoute] Guid id, [FromServices] ISender sender) =>","$""{PermissionList.ProductPermissions.Delete}""","ProductPermissions.Delete","In-page action reachable","/Catalog/Product/List","Covered","src/Modules/Catalog/Catalog/Products/Features/Products/RemoveProductSku/RemoveProductSkuEndPoint.cs"
"Catalog and pricing","Catalog","Products","SearchProducts","Workflow","GET","""/api/v1/catalog/products/search/{searchTerm}"", async (string searchTerm, ISender sender) =>","PermissionList.ProductPermissions.View","ProductPermissions.View","Menu reachable","/Catalog/Product/List","Covered","src/Modules/Catalog/Catalog/Products/Features/Products/SearchProducts/SearchProductsEndPoint.cs"
"Catalog and pricing","Catalog","Products","UpdateProduct","Workflow","PUT","""/api/v1/catalog/products"", async (UpdateProductRequest request, ISender sender) =>","$""{PermissionList.ProductPermissions.Edit}""","ProductPermissions.Edit","In-page action reachable","/Catalog/Product/List","Covered","src/Modules/Catalog/Catalog/Products/Features/Products/UpdateProduct/UpdateProductEndPoint.cs"
"Catalog and pricing","Catalog","Products","UpdateProductSku","Workflow","PUT","""/api/v1/catalog/products/skus"", async (UpdateProductSkuRequest request, ISender sender) =>","$""{PermissionList.ProductPermissions.Edit}""","ProductPermissions.Edit","In-page action reachable","/Catalog/Product/List","Covered","src/Modules/Catalog/Catalog/Products/Features/Products/UpdateProductSku/UpdateProductSkuEndPoint.cs"
"Catalog and pricing","Catalog","Units","CreateUnit","Workflow","POST","""/api/v1/catalog/units"", async (CreateUnitRequest request, ISender sender) =>","$""{PermissionList.UnitPermissions.Create}""","UnitPermissions.Create","In-page action reachable","/Warehouse/Product/Unit/List","Covered","src/Modules/Catalog/Catalog/Products/Features/Units/CreateUnit/CreateUnitEndPoint.cs"
"Catalog and pricing","Catalog","Units","GetUnitById","Workflow","GET","""/api/v1/catalog/units/{id}"", async ([FromRoute] Guid id,[FromServices] ISender sender) =>","PermissionList.UnitPermissions.View","UnitPermissions.View","In-page action reachable","/Warehouse/Product/Unit/List","Covered","src/Modules/Catalog/Catalog/Products/Features/Units/GetUnitById/GetUnitByIdEndPoint.cs"
"Catalog and pricing","Catalog","Units","GetUnits","Workflow","GET","""/api/v1/catalog/units"", async ([AsParameters] PaginationRequest request, [FromServices] ISender sender) =>","PermissionList.UnitPermissions.View","UnitPermissions.View","In-page action reachable","/Warehouse/Product/Unit/List","Covered","src/Modules/Catalog/Catalog/Products/Features/Units/GetUnits/GetUnitsEndPoint.cs"
"Catalog and pricing","Catalog","Units","GetUnitsByComapny","Workflow","GET","""/api/v1/catalog/units/company/{companyId}"", async ([FromRoute]Guid companyId,[AsParameters] PaginationRequest request, [FromServices] ISender sender) =>","PermissionList.UnitPermissions.View","UnitPermissions.View","In-page action reachable","/Warehouse/Product/Unit/List","Covered","src/Modules/Catalog/Catalog/Products/Features/Units/GetUnitsByComapny/GetUnitsByComapnyEndpoint.cs"
"Catalog and pricing","Catalog","Units","RemoveUnit","Workflow","DELETE","""/api/v1/catalog/units/{id}"", async ([FromRoute] Guid id, [FromServices] ISender sender) =>","$""{PermissionList.UnitPermissions.Delete}""","UnitPermissions.Delete","In-page action reachable","/Warehouse/Product/Unit/List","Covered","src/Modules/Catalog/Catalog/Products/Features/Units/RemoveUnit/RemoveUnitEndpoint.cs"
"Catalog and pricing","Catalog","Units","UpdateUnit","Workflow","PUT","""/api/v1/catalog/units"", async (UpdateUnitRequest request, ISender sender) =>","$""{PermissionList.UnitPermissions.Edit}""","UnitPermissions.Edit","In-page action reachable","/Warehouse/Product/Unit/List","Covered","src/Modules/Catalog/Catalog/Products/Features/Units/UpdateUnit/UpdateUnitEndPoint.cs"
"Catalog and pricing","Catalog","Variants","CreateVariant","Workflow","POST","""/api/v1/catalog/variants"", async (CreateVariantRequest request, ISender sender) =>","$""{PermissionList.VariantPermissions.Create}""","VariantPermissions.Create","In-page action reachable","/Catalog/Variant/List","Covered","src/Modules/Catalog/Catalog/Products/Features/Variants/CreateVariant/CreateVariantEndPoint.cs"
"Catalog and pricing","Catalog","Variants","GetVariantByCompany","Workflow","GET","""/api/v1/catalog/variants/company/{companyId}"", async (Guid companyId, [AsParameters] PaginationRequest paginationRequest, ISender sender) =>","PermissionList.VariantPermissions.View","VariantPermissions.View","Menu reachable","/Warehouse/Product/Packages/List","Covered","src/Modules/Catalog/Catalog/Products/Features/Variants/GetVariantByCompany/GetVariantByCompanyEndpoint.cs"
"Catalog and pricing","Catalog","Variants","GetVariantById","Workflow","GET","""/api/v1/catalog/variants/{id}"", async ([FromRoute] Guid id, [FromServices] ISender sender) =>","PermissionList.VariantPermissions.View","VariantPermissions.View","Menu reachable","/Warehouse/Product/Packages/List","Covered","src/Modules/Catalog/Catalog/Products/Features/Variants/GetVariantById/GetVariantByIdEndPoint.cs"
"Catalog and pricing","Catalog","Variants","GetVariants","Workflow","GET","""/api/v1/catalog/variants"", async ([AsParameters] PaginationRequest request, [FromServices] ISender sender) =>","PermissionList.VariantPermissions.View","VariantPermissions.View","Menu reachable","/Warehouse/Product/Packages/List","Covered","src/Modules/Catalog/Catalog/Products/Features/Variants/GetVariants/GetVariantsEndPoint.cs"
"Catalog and pricing","Catalog","Variants","RemoveVariant","Workflow","DELETE","""/api/v1/catalog/variants/{id}"", async ([FromRoute] Guid id, [FromServices] ISender sender) =>","$""{PermissionList.VariantPermissions.Delete}""","VariantPermissions.Delete","In-page action reachable","/Catalog/Variant/List","Covered","src/Modules/Catalog/Catalog/Products/Features/Variants/RemoveVariant/RemoveVariantEndPoint.cs"
"Catalog and pricing","Catalog","Variants","UpdateVariant","Workflow","PUT","""/api/v1/catalog/variants"", async (UpdateVariantRequest request, ISender sender) =>","$""{PermissionList.VariantPermissions.Edit}""","VariantPermissions.Edit","In-page action reachable","/Catalog/Variant/List","Covered","src/Modules/Catalog/Catalog/Products/Features/Variants/UpdateVariant/UpdateVariantEndPoint.cs"
"Customers","Customers","CustomerGroups","CreateCustomerGroup","Workflow","POST","""/api/v1/customers/customergroup/"", async (CreateCustomerGroupRequest request, ISender sender) =>","PermissionList.CustomerGroupPermissions.Create","CustomerGroupPermissions.Create","In-page action reachable","/Customers/CustomerGroup/List","Covered","src/Modules/Customers/CustomersModule/Customers/Features/CustomerGroups/CreateCustomerGroup/CreateCustomerGroupEndpoint.cs"
"Customers","Customers","CustomerGroups","GetCustomerGroupByCompanyId","View/List","GET","""/api/v1/customers/customerGroup/company/{companyId}"",","PermissionList.CustomerGroupPermissions.View","CustomerGroupPermissions.View","Menu reachable","/Customers/CustomerPricingProfile/List","Covered","src/Modules/Customers/CustomersModule/Customers/Features/CustomerGroups/GetCustomerGroupByCompanyId/GetCustomerGroupByCompanyIdEndpoint.cs"
"Customers","Customers","CustomerGroups","GetCustomerGroupById","Workflow","GET","""/api/v1/customers/customerGroup/{id}"", async (Guid id, ISender sender) =>","PermissionList.CustomerGroupPermissions.View","CustomerGroupPermissions.View","Menu reachable","/Customers/CustomerPricingProfile/List","Covered","src/Modules/Customers/CustomersModule/Customers/Features/CustomerGroups/GetCustomerGroupById/GetCustomerGroupByIdEndpoint.cs"
"Customers","Customers","CustomerGroups","RemoveCustomerGroup","Workflow","DELETE","""/api/v1/customers/customerGroup/{id}"", async ([FromRoute] Guid id, [FromServices] ISender sender) =>","PermissionList.CustomerGroupPermissions.Delete","CustomerGroupPermissions.Delete","In-page action reachable","/Customers/CustomerGroup/List","Covered","src/Modules/Customers/CustomersModule/Customers/Features/CustomerGroups/RemoveCustomerGroup/RemoveCustomerGroupEndpoint.cs"
"Customers","Customers","CustomerGroups","UpdateCustomerGroup","Workflow","PUT","""/api/v1/customers/customergroup"", async (UpdateCustomerGroupRequest request, ISender sender) =>","PermissionList.CustomerGroupPermissions.Edit","CustomerGroupPermissions.Edit","In-page action reachable","/Customers/CustomerGroup/List","Covered","src/Modules/Customers/CustomersModule/Customers/Features/CustomerGroups/UpdateCustomerGroup/UpdateCustomerGroupEndpoint.cs"
"Customers","Customers","CustomerPricingProfiles","CreateCustomerPricingProfiles","Workflow","POST","""/api/v1/customers/customerPricingProfile"", async (CreateCustomerPricingProfilesRequest request, ISender sender) =>","PermissionList.CustomerPricingProfilePermissions.Create","CustomerPricingProfilePermissions.Create","In-page action reachable","/Customers/CustomerPricingProfile/List","Covered","src/Modules/Customers/CustomersModule/Customers/Features/CustomerPricingProfiles/CreateCustomerPricingProfiles/CreateCustomerPricingProfilesEndpoint.cs"
"Customers","Customers","CustomerPricingProfiles","GetCustomerPricingProfilesByCompanyId","View/List","GET","""/api/v1/customers/customerPricingProfile/company/{companyId}"",","PermissionList.CustomerPricingProfilePermissions.View","CustomerPricingProfilePermissions.View","Menu reachable","/Dashboard","Covered","src/Modules/Customers/CustomersModule/Customers/Features/CustomerPricingProfiles/GetCustomerPricingProfilesByCompanyId/GetCustomerPricingProfilesByCompanyIdEndpoint.cs"
"Customers","Customers","CustomerPricingProfiles","GetCustomerPricingProfilesById","Workflow","GET","""/api/v1/customers/customerPricingProfile/{id}"", async (Guid id, ISender sender) =>","PermissionList.CustomerPricingProfilePermissions.View","CustomerPricingProfilePermissions.View","Menu reachable","/Dashboard","Covered","src/Modules/Customers/CustomersModule/Customers/Features/CustomerPricingProfiles/GetCustomerPricingProfilesById/GetCustomerPricingProfilesByIdEndpoint.cs"
"Customers","Customers","CustomerPricingProfiles","RemoveCustomerPricingProfiles","Workflow","DELETE","""/api/v1/customers/customerPricingProfile/{id}"", async ([FromRoute] Guid id, ISender sender) =>","PermissionList.CustomerPricingProfilePermissions.Delete","CustomerPricingProfilePermissions.Delete","In-page action reachable","/Customers/CustomerPricingProfile/List","Covered","src/Modules/Customers/CustomersModule/Customers/Features/CustomerPricingProfiles/RemoveCustomerPricingProfiles/RemoveCustomerPricingProfilesEndpoint.cs"
"Customers","Customers","CustomerPricingProfiles","UpdateCustomerPricingProfiles","Workflow","PUT","""/api/v1/customers/customerPricingProfile"", async (UpdateCustomerPricingProfilesRequest request, ISender sender) =>","PermissionList.CustomerPricingProfilePermissions.Edit","CustomerPricingProfilePermissions.Edit","In-page action reachable","/Customers/CustomerPricingProfile/List","Covered","src/Modules/Customers/CustomersModule/Customers/Features/CustomerPricingProfiles/UpdateCustomerPricingProfiles/UpdateCustomerPricingProfilesEndpoint.cs"
"Customers","Customers","Customers","CreateCustomer","Workflow","POST","""/api/v1/customers/customer"", async (CreateCustomerRequest request, ISender sender) =>","PermissionList.CustomerPermissions.Create","CustomerPermissions.Create","In-page action reachable","/Customers/Customer/List","Covered","src/Modules/Customers/CustomersModule/Customers/Features/Customers/CreateCustomer/CreateCustomerEndpoint.cs"
"Customers","Customers","Customers","GetCustomerById","Workflow","GET","""/api/v1/customers/customer/{id}"", async (Guid id, ISender sender) =>","PermissionList.CustomerPermissions.View","CustomerPermissions.View","Menu reachable","/Customers/CustomerGroup/List","Covered","src/Modules/Customers/CustomersModule/Customers/Features/Customers/GetCustomerById/GetCustomerByIdEndpoint.cs"
"Customers","Customers","Customers","GetCustomersByCompanyId","View/List","GET","""/api/v1/customers/customer/company/{companyId}"",","PermissionList.CustomerPermissions.View","CustomerPermissions.View","Menu reachable","/Customers/CustomerGroup/List","Covered","src/Modules/Customers/CustomersModule/Customers/Features/Customers/GetCustomersByCompanyId/GetCustomersByCompanyIdEndpoint.cs"
"Customers","Customers","Customers","RemoveCustomer","Workflow","DELETE","""/api/v1/customers/customer/{id}"", async ([FromRoute] Guid id, [FromServices] ISender sender) =>","PermissionList.CustomerPermissions.Delete","CustomerPermissions.Delete","In-page action reachable","/Customers/Customer/List","Covered","src/Modules/Customers/CustomersModule/Customers/Features/Customers/RemoveCustomer/RemoveCustomerEndpoint.cs"
"Customers","Customers","Customers","UpdateCustomer","Workflow","PUT","""/api/v1/customers/customer"", async (UpdateCustomerRequest request, ISender sender) =>","PermissionList.CustomerPermissions.Edit","CustomerPermissions.Edit","In-page action reachable","/Customers/Customer/List","Covered","src/Modules/Customers/CustomersModule/Customers/Features/Customers/UpdateCustomer/UpdateCustomerEndpoint.cs"
"General settings","GeneralSettings","CompanySettings","GetCompanySetting","Workflow","GET","""/api/v1/Settings/company/{companyId}/setting"", async ([FromRoute] Guid companyId, [FromServices] ISender sender) =>","PermissionList.SystemSettingsPermissions.View","SystemSettingsPermissions.View","Menu reachable","/GeneralSettings/Currencies","Covered","src/Modules/GeneralSettings/GeneralSettings/GeneralSettings/Features/CompanySettings/GetCompanySetting/GetCompanySettingEndpoint.cs"
"General settings","GeneralSettings","CompanySettings","UpdateCompanySetting","Edit","PUT","""/api/v1/Settings/company/{companyId}/setting"",","PermissionList.SystemSettingsPermissions.Edit","SystemSettingsPermissions.Edit","In-page action reachable","/GeneralSettings/Currencies","Covered","src/Modules/GeneralSettings/GeneralSettings/GeneralSettings/Features/CompanySettings/UpdateCompanySetting/UpdateCompanySettingEndpoint.cs"
"General settings","GeneralSettings","Currencies","CreateCurrency","Workflow","POST","""/api/v1/Settings/company/{companyId}/currencies"",","PermissionList.SystemSettingsPermissions.Edit","SystemSettingsPermissions.Edit","In-page action reachable","/GeneralSettings/Currencies","Covered","src/Modules/GeneralSettings/GeneralSettings/GeneralSettings/Features/Currencies/CreateCurrency/CreateCurrencyEndpoint.cs"
"General settings","GeneralSettings","Currencies","DeleteCurrency","Delete","DELETE","""/api/v1/Settings/company/{companyId}/currencies/{currencyId}"",","PermissionList.SystemSettingsPermissions.Edit","SystemSettingsPermissions.Edit","In-page action reachable","/GeneralSettings/Currencies","Covered","src/Modules/GeneralSettings/GeneralSettings/GeneralSettings/Features/Currencies/DeleteCurrency/DeleteCurrencyEndpoint.cs"
"General settings","GeneralSettings","Currencies","GetCurrencies","Workflow","GET","""/api/v1/Settings/company/{companyId}"", async ([FromRoute] Guid companyId, [AsParameters] PaginationRequest request, [FromServices] ISender sender) =>","PermissionList.SystemSettingsPermissions.View","SystemSettingsPermissions.View","Menu reachable","/GeneralSettings/Currencies","Covered","src/Modules/GeneralSettings/GeneralSettings/GeneralSettings/Features/Currencies/GetCurrencies/GetCurrenciesEndpoint.cs"
"General settings","GeneralSettings","Currencies","UpdateCurrency","Edit","PUT","""/api/v1/Settings/company/{companyId}/currencies/{currencyId}"",","PermissionList.SystemSettingsPermissions.Edit","SystemSettingsPermissions.Edit","In-page action reachable","/GeneralSettings/Currencies","Covered","src/Modules/GeneralSettings/GeneralSettings/GeneralSettings/Features/Currencies/UpdateCurrency/UpdateCurrencyEndpoint.cs"
"HR employees","Employee","AcademicInstitutions","CreateAcademicInstitution","Workflow","POST","$""{Utils.URL_PATTERN}/{Utils.AcademicInstitution_Endpoint}"", async (CreateAcademicInstitutionRequest request, ISender sender) =>","PermissionList.AcademicInistitutionPermissions.Create","AcademicInistitutionPermissions.Create","In-page action reachable","/Employee/AcademicInistitution/List","Covered","src/Modules/Employee/EmployeeModule/Employees/Features/AcademicInstitutions/CreateAcademicInstitution/CreateAcademicInstitutionEndpoint.cs"
"HR employees","Employee","AcademicInstitutions","DeleteAcademicInstitution","Workflow","DELETE","$""{Utils.URL_PATTERN}/{Utils.AcademicInstitution_Endpoint}"" + ""/{id}"", async (Guid id, ISender sender) =>","PermissionList.AcademicInistitutionPermissions.Delete","AcademicInistitutionPermissions.Delete","In-page action reachable","/Employee/AcademicInistitution/List","Covered","src/Modules/Employee/EmployeeModule/Employees/Features/AcademicInstitutions/DeleteAcademicInstitution/DeleteAcademicInstitutionEndpoint.cs"
"HR employees","Employee","AcademicInstitutions","GetAcademicInstitutionById","Workflow","GET","$""{Utils.URL_PATTERN}/{Utils.AcademicInstitution_Endpoint}"" + ""/{id}"", async (Guid id, ISender sender) =>","PermissionList.AcademicInistitutionPermissions.View","AcademicInistitutionPermissions.View","Menu reachable","/Employee/Specialization/List","Covered","src/Modules/Employee/EmployeeModule/Employees/Features/AcademicInstitutions/GetAcademicInstitutionById/GetAcademicInstitutionByIdEndPoint.cs"
"HR employees","Employee","AcademicInstitutions","GetAcademicInstitutionsByCompany","View/List","GET","$""{Utils.URL_PATTERN}/{Utils.AcademicInstitution_Endpoint}/company"" + ""/{companyId}"",","PermissionList.AcademicInistitutionPermissions.View","AcademicInistitutionPermissions.View","Menu reachable","/Employee/Specialization/List","Covered","src/Modules/Employee/EmployeeModule/Employees/Features/AcademicInstitutions/GetAcademicInstitutionsByCompany/GetAcademicInstitutionsByCompanyEndpoint.cs"
"HR employees","Employee","AcademicInstitutions","UpdateAcademicInstitution","Edit","PUT","$""{Utils.URL_PATTERN}/{Utils.AcademicInstitution_Endpoint}"",","PermissionList.AcademicInistitutionPermissions.Edit","AcademicInistitutionPermissions.Edit","In-page action reachable","/Employee/AcademicInistitution/List","Covered","src/Modules/Employee/EmployeeModule/Employees/Features/AcademicInstitutions/UpdateAcademicInstitution/UpdateAcademicInstitutionEndpoint.cs"
"HR employees","Employee","Employees","ChangePosition","Workflow","PUT","$""{Utils.URL_PATTERN}/{Utils.Employee_Endpoint}/ChangePosition"", async (ChangePositionRequest request, ISender sender) =>","PermissionList.EmployeePermissions.Edit","EmployeePermissions.Edit","In-page action reachable","/Employee/Employee/Form/{Id:guid?}","Covered","src/Modules/Employee/EmployeeModule/Employees/Features/Employees/ChangePosition/ChangePositionEndpoint.cs"
"HR employees","Employee","Employees","CreateEmployee","Workflow","POST","$""{Utils.URL_PATTERN}/{Utils.Employee_Endpoint}"", async (CreateEmployeeRequest request, ISender sender) =>","PermissionList.EmployeePermissions.Create","EmployeePermissions.Create","In-page action reachable","/Employee/Employee/Form/{Id:guid?}","Covered","src/Modules/Employee/EmployeeModule/Employees/Features/Employees/CreateEmployee/CreateEmployeeEndpoint.cs"
"HR employees","Employee","Employees","DeleteEmployee","Workflow","DELETE","""/api/v1/Employee/Employees/{id}"", async ([FromRoute]Guid id,[FromServices] ISender sender) =>","PermissionList.EmployeePermissions.Delete","EmployeePermissions.Delete","In-page action reachable","/Employee/Employee/List","Covered","src/Modules/Employee/EmployeeModule/Employees/Features/Employees/DeleteEmployee/DeleteEmployeeEndpoint.cs"
"HR employees","Employee","Employees","GetByPosition","Workflow","GET","$""{Utils.URL_PATTERN}/{Utils.Employee_Endpoint}/Position"" + ""/{positionId}"", async ([FromRoute] Guid positionId, [AsParameters] PaginationRequest request, [FromServices] ISender sender) =>","PermissionList.EmployeePermissions.View","EmployeePermissions.View","Menu reachable","/Employee/Position/List","Covered","src/Modules/Employee/EmployeeModule/Employees/Features/Employees/GetByPosition/GetByPositionEndpoint.cs"
"HR employees","Employee","Employees","GetEmployeeById","Workflow","GET","$""{Utils.URL_PATTERN}/{Utils.Employee_Endpoint}"" + ""/{id}"", async (Guid id, ISender sender) =>","PermissionList.EmployeePermissions.View","EmployeePermissions.View","Menu reachable","/Employee/Position/List","Covered","src/Modules/Employee/EmployeeModule/Employees/Features/Employees/GetEmployeeById/GetEmployeeByIdEndPoint.cs"
"HR employees","Employee","Employees","GetEmployeesByAdministrationId","Workflow","GET","$""{Utils.URL_PATTERN}/{Utils.Employee_Endpoint}/administration"" + ""/{administrationId}"", async ([FromRoute] Guid administrationId, [AsParameters] PaginationRequest request, ISender sender) =>","PermissionList.EmployeePermissions.View","EmployeePermissions.View","Menu reachable","/Employee/Position/List","Covered","src/Modules/Employee/EmployeeModule/Employees/Features/Employees/GetEmployeesByAdministrationId/GetEmployeesByAdministrationIdEndpoint.cs"
"HR employees","Employee","Employees","GetEmployeesByBranchId","Workflow","GET","$""{Utils.URL_PATTERN}/{Utils.Employee_Endpoint}/Branch"" + ""/{branchId}"", async ([FromRoute] Guid branchId, [AsParameters] PaginationRequest request, ISender sender) =>","PermissionList.EmployeePermissions.View","EmployeePermissions.View","Menu reachable","/Employee/Position/List","Covered","src/Modules/Employee/EmployeeModule/Employees/Features/Employees/GetEmployeesByBranchId/GetEmployeesByBranchIdEndpoint.cs"
"HR employees","Employee","Employees","GetEmployeesByCompanyId","Workflow","GET","$""{Utils.URL_PATTERN}/{Utils.Employee_Endpoint}/company"" + ""/{companyId}"", async ([FromRoute] Guid companyId, [AsParameters] PaginationRequest request, ISender sender) =>","PermissionList.EmployeePermissions.View","EmployeePermissions.View","Menu reachable","/Employee/Position/List","Covered","src/Modules/Employee/EmployeeModule/Employees/Features/Employees/GetEmployeesByCompanyId/GetEmployeesByCompanyIdEndpoint.cs"
"HR employees","Employee","Employees","GetEmployeesByDepartmentId","Workflow","GET","$""{Utils.URL_PATTERN}/{Utils.Employee_Endpoint}/department"" + ""/{departmentId}"", async ([FromRoute] Guid departmentId, [AsParameters] PaginationRequest request, ISender sender) =>","PermissionList.EmployeePermissions.View","EmployeePermissions.View","Menu reachable","/Employee/Position/List","Covered","src/Modules/Employee/EmployeeModule/Employees/Features/Employees/GetEmployeesByDepartmentId/GetEmployeesByDepartmentIdEndpoint.cs"
"HR employees","Employee","Employees","TerminateEmployee","Workflow","PUT","$""{Utils.URL_PATTERN}/{Utils.Employee_Endpoint}/Terminate"", async (TerminateEmployeeRequest request, ISender sender) =>","PermissionList.EmployeePermissions.Edit","EmployeePermissions.Edit","In-page action reachable","/Employee/Employee/Form/{Id:guid?}","Covered","src/Modules/Employee/EmployeeModule/Employees/Features/Employees/TerminateEmployee/TerminateEmployeeEndpoint.cs"
"HR employees","Employee","Employees","TransferDepartment","Workflow","PUT","$""{Utils.URL_PATTERN}/{Utils.Employee_Endpoint}/Transfer"", async (TransferDepartmentRequest request, ISender sender) =>","PermissionList.EmployeePermissions.Edit","EmployeePermissions.Edit","In-page action reachable","/Employee/Employee/Form/{Id:guid?}","Covered","src/Modules/Employee/EmployeeModule/Employees/Features/Employees/TransferDepartment/TransferDepartmentEndpoint.cs"
"HR employees","Employee","Employees","UpdateEmployee","Workflow","PUT","$""{Utils.URL_PATTERN}/{Utils.Employee_Endpoint}"", async (UpdateEmployeeRequest request, ISender sender) =>","PermissionList.EmployeePermissions.Edit","EmployeePermissions.Edit","In-page action reachable","/Employee/Employee/Form/{Id:guid?}","Covered","src/Modules/Employee/EmployeeModule/Employees/Features/Employees/UpdateEmployee/UpdateEmployeeEndpoint.cs"
"HR employees","Employee","Positions","CreatePosition","Workflow","POST","$""{Utils.URL_PATTERN}/{Utils.Position_Endpoint}"", async (CreatePositionRequest request, ISender sender) =>","PermissionList.PositionPermissions.Create","PositionPermissions.Create","In-page action reachable","/Employee/Position/List","Covered","src/Modules/Employee/EmployeeModule/Employees/Features/Positions/CreatePosition/CreatePositionEndpoint.cs"
"HR employees","Employee","Positions","DeletePosition","Workflow","DELETE","$""{Utils.URL_PATTERN}/{Utils.Position_Endpoint}"" + ""/{id}"", async (Guid id, ISender sender) =>","PermissionList.PositionPermissions.Delete","PositionPermissions.Delete","In-page action reachable","/Employee/Position/List","Covered","src/Modules/Employee/EmployeeModule/Employees/Features/Positions/DeletePosition/DeletePositionEndpoint.cs"
"HR employees","Employee","Positions","GetPositionById","Workflow","GET","$""{Utils.URL_PATTERN}/{Utils.Position_Endpoint}"" + ""/{id}"", async (Guid id, ISender sender) =>","PermissionList.PositionPermissions.View","PositionPermissions.View","Menu reachable","/Employee/AcademicInistitution/List","Covered","src/Modules/Employee/EmployeeModule/Employees/Features/Positions/GetPositionById/GetPositionByIdEndpoint.cs"
"HR employees","Employee","Positions","GetPositions","View/List","GET","$""{Utils.URL_PATTERN}/{Utils.Position_Endpoint}/company"" + ""/{companyId}"",","PermissionList.PositionPermissions.View","PositionPermissions.View","Menu reachable","/Employee/AcademicInistitution/List","Covered","src/Modules/Employee/EmployeeModule/Employees/Features/Positions/GetPositions/GetPositionsEndpoint.cs"
"HR employees","Employee","Positions","UpdatePosition","Workflow","PUT","$""{Utils.URL_PATTERN}/{Utils.Position_Endpoint}"", async (UpdatePositionRequest request, ISender sender) =>","PermissionList.PositionPermissions.Edit","PositionPermissions.Edit","In-page action reachable","/Employee/Position/List","Covered","src/Modules/Employee/EmployeeModule/Employees/Features/Positions/UpdatePosition/UpdatePositionEndpoint.cs"
"HR employees","Employee","Specializations","CreateSpecialization","Workflow","POST","$""{Utils.URL_PATTERN}/{Utils.Specialization_Endpoint}"", async (CreateSpecializationRequest request, ISender sender) =>","PermissionList.SpecializationPermissions.Create","SpecializationPermissions.Create","In-page action reachable","/Employee/Specialization/List","Covered","src/Modules/Employee/EmployeeModule/Employees/Features/Specializations/CreateSpecialization/CreateSpecializationEndpoint.cs"
"HR employees","Employee","Specializations","DeleteSpecialization","Workflow","DELETE","$""{Utils.URL_PATTERN}/{Utils.Specialization_Endpoint}"" + ""/{id}"", async ([FromRoute]Guid id, ISender sender) =>","PermissionList.SpecializationPermissions.Delete","SpecializationPermissions.Delete","In-page action reachable","/Employee/Specialization/List","Covered","src/Modules/Employee/EmployeeModule/Employees/Features/Specializations/DeleteSpecialization/DeleteSpecializationEndpoint.cs"
"HR employees","Employee","Specializations","GetSpecializationById","Workflow","GET","$""{Utils.URL_PATTERN}/{Utils.Specialization_Endpoint}"" + ""/{id}"", async (Guid id, ISender sender) =>","PermissionList.SpecializationPermissions.View","SpecializationPermissions.View","In-page action reachable","/Employee/Specialization/List","Covered","src/Modules/Employee/EmployeeModule/Employees/Features/Specializations/GetSpecializationById/GetSpecializationByIdEndpoint.cs"
"HR employees","Employee","Specializations","GetSpecializationsByCompany","View/List","GET","$""{Utils.URL_PATTERN}/{Utils.Specialization_Endpoint}/company"" + ""/{companyId}"",","PermissionList.SpecializationPermissions.View","SpecializationPermissions.View","In-page action reachable","/Employee/Specialization/List","Covered","src/Modules/Employee/EmployeeModule/Employees/Features/Specializations/GetSpecializationsByCompany/GetSpecializationsByCompanyEndpoint.cs"
"HR employees","Employee","Specializations","UpdateSpecialization","Workflow","PUT","$""{Utils.URL_PATTERN}/{Utils.Specialization_Endpoint}"", async (UpdateSpecializationRequest request, ISender sender) =>","PermissionList.SpecializationPermissions.Edit","SpecializationPermissions.Edit","In-page action reachable","/Employee/Specialization/List","Covered","src/Modules/Employee/EmployeeModule/Employees/Features/Specializations/UpdateSpecialization/UpdateSpecializationEndpoint.cs"
"Inventory","Inventory","Batches","CreateBatch","Workflow","POST","""/api/v1/inventory/batches"", async (CreateBatchRequest request, ISender sender) =>","PermissionList.BatchPermissions.Create","BatchPermissions.Create","In-page action reachable","/Inventory/Batch/List","Covered","src/Modules/Inventory/Inventory/Warehouses/Features/Batches/CreateBatch/CreateBatchEndPoint.cs"
"Inventory","Inventory","Batches","GetBatchById","Workflow","GET","""/api/v1/inventory/batches/{id:guid}"", async (Guid id, [FromServices] ISender sender) =>","PermissionList.BatchPermissions.View","BatchPermissions.View","In-page action reachable","/Inventory/Batch/List","Covered","src/Modules/Inventory/Inventory/Warehouses/Features/Batches/GetBatchById/GetBatchByIdEndPoint.cs"
"Inventory","Inventory","Batches","GetBatches","Workflow","GET","""/api/v1/inventory/batches/company/{companyId}"", async ([FromRoute]Guid companyId,[AsParameters] PaginationRequest request, [FromServices] ISender sender) =>","PermissionList.BatchPermissions.View","BatchPermissions.View","In-page action reachable","/Inventory/Batch/List","Covered","src/Modules/Inventory/Inventory/Warehouses/Features/Batches/GetBatches/GetBatchesEndPoint.cs"
"Inventory","Inventory","Batches","GetBatchesByProduct","Workflow","GET","""/api/v1/inventory/batches/productId/{productId}"", async ([FromRoute] Guid productId, [AsParameters] PaginationRequest request, [FromServices] ISender sender) =>","PermissionList.BatchPermissions.View","BatchPermissions.View","In-page action reachable","/Inventory/Batch/List","Covered","src/Modules/Inventory/Inventory/Warehouses/Features/Batches/GetBatchesByProduct/GetBatchesByProductEndPoint.cs"
"Inventory","Inventory","Batches","GetBatchesByProductSKU","Workflow","GET","""/api/v1/inventory/batches/productSkuId/{productSkuId}"", async ([FromRoute] Guid productSkuId, [AsParameters] PaginationRequest request, [FromServices] ISender sender) =>","PermissionList.BatchPermissions.View","BatchPermissions.View","In-page action reachable","/Inventory/Batch/List","Covered","src/Modules/Inventory/Inventory/Warehouses/Features/Batches/GetBatchesByProductSKU/GetBatchesByProductSKUEndpoint.cs"
"Inventory","Inventory","Batches","RemoveBatch","Workflow","DELETE","""/api/v1/inventory/batches/{id:guid}"", async (Guid id, ISender sender) =>","PermissionList.BatchPermissions.Delete","BatchPermissions.Delete","In-page action reachable","/Inventory/Batch/List","Covered","src/Modules/Inventory/Inventory/Warehouses/Features/Batches/RemoveBatch/RemoveBatchEndPoint.cs"
"Inventory","Inventory","Batches","UpdateBatch","Workflow","PUT","""/api/v1/inventory/batches"", async (UpdateBatchRequest request, ISender sender) =>","PermissionList.BatchPermissions.Edit","BatchPermissions.Edit","In-page action reachable","/Inventory/Batch/List","Covered","src/Modules/Inventory/Inventory/Warehouses/Features/Batches/UpdateBatch/UpdateBatchEndPoint.cs"
"Inventory","Inventory","Inventories","GetByWarehouseAndSku","View/List","GET","""/api/v1/Inventory/inventories/warehouse/{warehouseId}/sku/{skuId}"",","PermissionList.InventoryPermissions.View, PermissionList.InventoryItemPermissions.View","InventoryPermissions.View","Menu reachable","/Inventory/Batch/List","Covered","src/Modules/Inventory/Inventory/Warehouses/Features/Inventories/InventoryQueries/GetByWarehouseAndSku/GetByWarehouseAndSkuEndpoint.cs"
"Inventory","Inventory","Inventories","GetInventories","Workflow","GET","""/api/v1/inventory/inventories"", async ([AsParameters] PaginationRequest request, [FromServices] ISender sender) =>","PermissionList.InventoryPermissions.View","InventoryPermissions.View","Menu reachable","/Inventory/Batch/List","Covered","src/Modules/Inventory/Inventory/Warehouses/Features/Inventories/InventoryQueries/GetInventories/GetInventoriesEndPoint.cs"
"Inventory","Inventory","Inventories","GetInventoriesByBatch","View/List","GET","""/api/v1/inventory/inventories/batch/{batchId}"",","PermissionList.InventoryPermissions.View, PermissionList.InventoryItemPermissions.View,PermissionList.BatchPermissions.View","InventoryPermissions.View","Menu reachable","/Inventory/Batch/List","Covered","src/Modules/Inventory/Inventory/Warehouses/Features/Inventories/InventoryQueries/GetInventoriesByBatch/GetInventoriesByBatchEndpoint.cs"
"Inventory","Inventory","Inventories","GetInventoriesByCompany","Workflow","GET","""/api/v1/inventory/inventories/company/{companyId}"", async ([FromRoute]Guid companyId,[AsParameters] PaginationRequest request, [FromServices] ISender sender) =>","PermissionList.InventoryPermissions.View","InventoryPermissions.View","Menu reachable","/Inventory/Batch/List","Covered","src/Modules/Inventory/Inventory/Warehouses/Features/Inventories/InventoryQueries/GetInventoriesByCompany/GetInventoriesByCompanyEndPoint.cs"
"Inventory","Inventory","Inventories","StockOut","Workflow","POST","""/api/v1/inventory/inventories/StockOut"", async (StockOutRequest request, ISender sender) =>","PermissionList.InventoryPermissions.Edit, PermissionList.InventoryItemPermissions.Edit","InventoryPermissions.Edit","In-page action reachable","/Inventories/List","Covered","src/Modules/Inventory/Inventory/Warehouses/Features/Inventories/StockOut/StockOutEndpoint.cs"
"Inventory","Inventory","Inventories","StockRelease","Workflow","POST","""/api/v1/inventory/inventories/StockRelease"", async (StockReleaseRequest request, ISender sender) =>","PermissionList.InventoryPermissions.Edit, PermissionList.InventoryItemPermissions.Edit","InventoryPermissions.Edit","In-page action reachable","/Inventories/List","Covered","src/Modules/Inventory/Inventory/Warehouses/Features/Inventories/StockRelease/StockReleaseEndpoint.cs"
"Inventory","Inventory","Inventories","StockReservation","Workflow","POST","""/api/v1/inventory/inventories/StockReservation"", async (StockReservationRequest request, ISender sender) =>","PermissionList.InventoryPermissions.Edit, PermissionList.InventoryItemPermissions.Edit","InventoryPermissions.Edit","In-page action reachable","/Inventories/List","Covered","src/Modules/Inventory/Inventory/Warehouses/Features/Inventories/StockReservation/StockReservationEndpoint.cs"
"Inventory","Inventory","Warehouses","CreateWarehouse","Workflow","POST","""/api/v1/Inventory/warehouses"", async (CreateWarehouseRequest request, ISender sender) =>","PermissionList.WarehousePermissions.Create","WarehousePermissions.Create","In-page action reachable","/Inventory/Warehouse/List","Covered","src/Modules/Inventory/Inventory/Warehouses/Features/Warehouses/CreateWarehouse/CreateWarehouseEndPoint.cs"
"Inventory","Inventory","Warehouses","GetWarehouseById","Workflow","GET","""/api/v1/inventory/warehouses/{id:guid}"", async (Guid id,[FromServices] ISender sender) =>","PermissionList.WarehousePermissions.View","WarehousePermissions.View","Menu reachable","/Inventories/List","Covered","src/Modules/Inventory/Inventory/Warehouses/Features/Warehouses/GetWarehouseById/GetWarehouseByIdEndPoint.cs"
"Inventory","Inventory","Warehouses","GetWarehouses","Workflow","GET","""/api/v1/inventory/warehouses/company/{companyId}"", async ([FromRoute]Guid companyId,[AsParameters] PaginationRequest paginationRequest, ISender sender) =>","PermissionList.WarehousePermissions.View","WarehousePermissions.View","Menu reachable","/Inventories/List","Covered","src/Modules/Inventory/Inventory/Warehouses/Features/Warehouses/GetWarehouses/GetWarehousesEndPoint.cs"
"Inventory","Inventory","Warehouses","RemoveWarehouse","Workflow","DELETE","""/api/v1/inventory/warehouses/{id:guid}"", async ([FromRoute] Guid id, [FromServices] ISender sender) =>","PermissionList.WarehousePermissions.Delete","WarehousePermissions.Delete","In-page action reachable","/Inventory/Warehouse/List","Covered","src/Modules/Inventory/Inventory/Warehouses/Features/Warehouses/RemoveWarehouse/RemoveWarehouseEndPoint.cs"
"Inventory","Inventory","Warehouses","UpdateWarehouse","Workflow","PUT","""/api/v1/inventory/warehouses"", async (UpdateWarehouseRequest request, ISender sender) =>","PermissionList.WarehousePermissions.Edit","WarehousePermissions.Edit","In-page action reachable","/Inventory/Warehouse/List","Covered","src/Modules/Inventory/Inventory/Warehouses/Features/Warehouses/UpdateWarehouse/UpdateWarehouseEndpoint.cs"
"Organization","Organization","Administrations","CreateAdministration","Workflow","POST","$""{Utils.ROUTE_PATTERN}/{Utils.AdministrationEndpoint}"", async (CreateAdministrationRequest request, ISender sender) =>","PermissionList.AdministrationPermissions.Create","AdministrationPermissions.Create","In-page action reachable","/Organization/Administration/List","Covered","src/Modules/Organization/Organization/Organizations/Features/Administrations/CreateAdministration/CreateAdministrationEdnpoint.cs"
"Organization","Organization","Administrations","DeleteAdministration","Workflow","DELETE","$""{Utils.ROUTE_PATTERN}/{Utils.AdministrationEndpoint}"" + ""/{id:guid}"", async ([FromRoute] Guid id, ISender sender) =>","PermissionList.AdministrationPermissions.Delete","AdministrationPermissions.Delete","In-page action reachable","/Organization/Administration/List","Covered","src/Modules/Organization/Organization/Organizations/Features/Administrations/DeleteAdministration/DeleteAdministrationEndpoint.cs"
"Organization","Organization","Administrations","GetAdministrationById","Workflow","GET","$""{Utils.ROUTE_PATTERN}/{Utils.AdministrationEndpoint}/"" + ""{id:guid}"", async ([FromRoute]Guid id, ISender sender) =>","PermissionList.AdministrationPermissions.View","AdministrationPermissions.View","Menu reachable","/Organization/Department/List","Covered","src/Modules/Organization/Organization/Organizations/Features/Administrations/GetAdministrationById/GetAdministrationByIdEndpoint.cs"
"Organization","Organization","Administrations","GetAdministrations","Workflow","GET","$""{Utils.ROUTE_PATTERN}/{Utils.AdministrationEndpoint}"", async ([AsParameters] PaginationRequest request, [FromServices] ISender sender) =>","PermissionList.AdministrationPermissions.View","AdministrationPermissions.View","Menu reachable","/Organization/Department/List","Covered","src/Modules/Organization/Organization/Organizations/Features/Administrations/GetAdministrations/GetAdministrationsEndpoint.cs"
"Organization","Organization","Administrations","GetAdministrationsByBranchId","Workflow","GET","$""{Utils.ROUTE_PATTERN}/{Utils.AdministrationEndpoint}""+""/BranchId/{branchId}"", async ([FromRoute]Guid branchId,[AsParameters] PaginationRequest request, [FromServices] ISender sender) =>","PermissionList.AdministrationPermissions.View","AdministrationPermissions.View","Menu reachable","/Organization/Department/List","Covered","src/Modules/Organization/Organization/Organizations/Features/Administrations/GetAdministrationsByBranchId/GetAdministrationsByBranchIdEndpoint.cs"
"Organization","Organization","Administrations","UpdateAdministration","Workflow","PUT","$""{Utils.ROUTE_PATTERN}/{Utils.AdministrationEndpoint}"", async (UpdateAdministrationRequest request, ISender sender) =>","PermissionList.AdministrationPermissions.Edit","AdministrationPermissions.Edit","In-page action reachable","/Organization/Administration/List","Covered","src/Modules/Organization/Organization/Organizations/Features/Administrations/UpdateAdministration/UpdateAdministrationEndpoint.cs"
"Organization","Organization","Branches","CreateBranch","Workflow","POST","$""{Utils.ROUTE_PATTERN}/{Utils.BranchEndpoint}"", async (CreateBranchRequest request, ISender sender) =>","PermissionList.BranchPermissions.Create","BranchPermissions.Create","In-page action reachable","/Organization/Branch/List","Covered","src/Modules/Organization/Organization/Organizations/Features/Branches/CreateBranch/CreateBranchEndpoint.cs"
"Organization","Organization","Branches","DeleteBranch","Workflow","DELETE","$""{Utils.ROUTE_PATTERN}/{Utils.BranchEndpoint}/"" + ""{id:guid}"", async (Guid id, ISender sender) =>","PermissionList.BranchPermissions.Delete","BranchPermissions.Delete","In-page action reachable","/Organization/Branch/List","Covered","src/Modules/Organization/Organization/Organizations/Features/Branches/DeleteBranch/DeleteBranchEndpoint.cs"
"Organization","Organization","Branches","GetBranchById","Workflow","GET","$""{Utils.ROUTE_PATTERN}/{Utils.BranchEndpoint}/"" + ""{id:guid}"", async (Guid id, ISender sender) =>","PermissionList.BranchPermissions.View","BranchPermissions.View","Menu reachable","/Organization/Administration/List","Covered","src/Modules/Organization/Organization/Organizations/Features/Branches/GetBranchById/GetBranchByIdEndpoint.cs"
"Organization","Organization","Branches","GetBranches","Workflow","GET","$""{Utils.ROUTE_PATTERN}/{Utils.BranchEndpoint}"", async ([AsParameters] PaginationRequest request, [FromServices] ISender sender) =>","PermissionList.BranchPermissions.View","BranchPermissions.View","Menu reachable","/Organization/Administration/List","Covered","src/Modules/Organization/Organization/Organizations/Features/Branches/GetBranches/GetBranchesEndpoint.cs"
"Organization","Organization","Branches","GetByCompanyId","Workflow","GET","$""{Utils.ROUTE_PATTERN}/{Utils.BranchEndpoint}/GetByCompanyId/"" + ""{companyId}"", async ([FromRoute] Guid companyId, [AsParameters] PaginationRequest request, ISender sender) =>","PermissionList.BranchPermissions.View","BranchPermissions.View","Menu reachable","/Organization/Administration/List","Covered","src/Modules/Organization/Organization/Organizations/Features/Branches/GetByCompanyId/GetByCompanyIdEndpoint.cs"
"Organization","Organization","Branches","UpdateBranch","Workflow","PUT","$""{Utils.ROUTE_PATTERN}/{Utils.BranchEndpoint}"", async (UpdateBranchRequest request, ISender sender) =>","PermissionList.BranchPermissions.Edit","BranchPermissions.Edit","In-page action reachable","/Organization/Branch/List","Covered","src/Modules/Organization/Organization/Organizations/Features/Branches/UpdateBranch/UpdateBranchEndpoint.cs"
"Organization","Organization","Companies","CreateChildCompany","Workflow","POST","$""{Utils.ROUTE_PATTERN}/{Utils.CompanyEndpoint}/child-companies"", async (CreateChildCompanyRequest request, IHttpContextAccessor httpContextAccessor, ISender sender) =>","PermissionList.CompanyPermissions.CreateChild","CompanyPermissions.CreateChild","In-page action reachable","/Organization/ChildCompanies","Covered","src/Modules/Organization/Organization/Organizations/Features/Companies/CreateChildCompany/CreateChildCompanyEndpoint.cs"
"Organization","Organization","Companies","GetChildCompanies","Workflow","GET","$""{Utils.ROUTE_PATTERN}/{Utils.CompanyEndpoint}/child-companies"", async ([AsParameters] PaginationRequest request, [FromServices] ISender sender) =>","PermissionList.CompanyPermissions.ViewChild","CompanyPermissions.ViewChild","Menu reachable","/Organization/Branch/List","Covered","src/Modules/Organization/Organization/Organizations/Features/Companies/GetChildCompanies/GetChildCompaniesEndpoint.cs"
"Organization","Organization","Companies","GetCompanies","Workflow","GET","$""{Utils.ROUTE_PATTERN}/{Utils.CompanyEndpoint}"", async ([AsParameters]PaginationRequest request, ISender sender) =>","PermissionList.CompanyPermissions.View","CompanyPermissions.View","Menu reachable","/Organization/ChildCompanies","Covered","src/Modules/Organization/Organization/Organizations/Features/Companies/GetCompanies/GetCompaniesEndpoint.cs"
"Organization","Organization","Companies","GetCompanyById","Workflow","GET","$""{Utils.ROUTE_PATTERN}/{Utils.CompanyEndpoint}/"" + ""{id}"", async (Guid id, ISender sender) =>","PermissionList.CompanyPermissions.View","CompanyPermissions.View","Menu reachable","/Organization/ChildCompanies","Covered","src/Modules/Organization/Organization/Organizations/Features/Companies/GetCompanyById/GetCompanyByIdEndpoint.cs"
"Organization","Organization","Companies","ResetChildCompanyAdminPassword","Workflow","POST","$""{Utils.ROUTE_PATTERN}/{Utils.CompanyEndpoint}/child-companies/{{companyId:guid}}/admin/reset-password"", async ([FromRoute] Guid companyId, ResetChildCompanyAdminPasswordRequest request, ISender sender) =>","PermissionList.CompanyPermissions.ResetChildAdminPassword","CompanyPermissions.ResetChildAdminPassword","In-page action reachable","/Organization/ChildCompanies","Covered","src/Modules/Organization/Organization/Organizations/Features/Companies/ResetChildCompanyAdminPassword/ResetChildCompanyAdminPasswordEndpoint.cs"
"Organization","Organization","Companies","SetChildCompanyStatus","Workflow","PATCH","$""{Utils.ROUTE_PATTERN}/{Utils.CompanyEndpoint}/child-companies/{{companyId:guid}}/status"", async ([FromRoute] Guid companyId, SetChildCompanyStatusRequest request, ISender sender) =>","PermissionList.CompanyPermissions.DisableChild","CompanyPermissions.DisableChild","In-page action reachable","/Organization/ChildCompanies","Covered","src/Modules/Organization/Organization/Organizations/Features/Companies/SetChildCompanyStatus/SetChildCompanyStatusEndpoint.cs"
"Organization","Organization","Companies","UpdateChildCompany","Workflow","PUT","$""{Utils.ROUTE_PATTERN}/{Utils.CompanyEndpoint}/child-companies"", async (UpdateChildCompanyRequest request, ISender sender) =>","PermissionList.CompanyPermissions.EditChild","CompanyPermissions.EditChild","In-page action reachable","/Organization/ChildCompanies","Covered","src/Modules/Organization/Organization/Organizations/Features/Companies/UpdateChildCompany/UpdateChildCompanyEndpoint.cs"
"Organization","Organization","Departments","CreateDepartment","Workflow","POST","$""{Utils.ROUTE_PATTERN}/{Utils.DepartmentEndpoint}"", async (CreateDepartmentRequest request, ISender sender) =>","PermissionList.AdministrationPermissions.Create","AdministrationPermissions.Create","In-page action reachable","/Organization/Administration/List","Covered","src/Modules/Organization/Organization/Organizations/Features/Departments/CreateDepartment/CreateDepartmentEndpoint.cs"
"Organization","Organization","Departments","DeleteDepartment","Workflow","DELETE","$""{Utils.ROUTE_PATTERN}/{Utils.DepartmentEndpoint}"" + ""/{id}"", async ([FromRoute] Guid id, [FromServices] ISender sender) =>","PermissionList.DepartmentPermissions.Delete","DepartmentPermissions.Delete","In-page action reachable","/Organization/Department/List","Covered","src/Modules/Organization/Organization/Organizations/Features/Departments/DeleteDepartment/DeleteDepartmentEndpoint.cs"
"Organization","Organization","Departments","GetDepartmentById","Workflow","GET","$""{Utils.ROUTE_PATTERN}/{Utils.DepartmentEndpoint}/"" + ""{id}"", async (Guid id, ISender sender) =>","PermissionList.DepartmentPermissions.View","DepartmentPermissions.View","In-page action reachable","/Organization/Department/List","Covered","src/Modules/Organization/Organization/Organizations/Features/Departments/GetDepartmentById/GetDepartmentByIdEndpoint.cs"
"Organization","Organization","Departments","GetDepartments","Workflow","GET","$""{Utils.ROUTE_PATTERN}/{Utils.DepartmentEndpoint}"", async ([AsParameters] PaginationRequest request, [FromServices] ISender sender) =>","PermissionList.DepartmentPermissions.View","DepartmentPermissions.View","In-page action reachable","/Organization/Department/List","Covered","src/Modules/Organization/Organization/Organizations/Features/Departments/GetDepartments/GetDepartmentsEndpoint.cs"
"Organization","Organization","Departments","GetDepartmentsByAdministrationId","View/List","GET","$""{Utils.ROUTE_PATTERN}/{Utils.DepartmentEndpoint}"" + ""/getByAdministrationId/{administrationId:guid}"",","PermissionList.DepartmentPermissions.View","DepartmentPermissions.View","In-page action reachable","/Organization/Department/List","Covered","src/Modules/Organization/Organization/Organizations/Features/Departments/GetDepartmentsByAdministrationId/GetDepartmentsByAdministrationIdEndpoint.cs"
"Organization","Organization","Departments","UpdateDepartment","Workflow","PUT","$""{Utils.ROUTE_PATTERN}/{Utils.DepartmentEndpoint}"", async (UpdateDepartmentRequest request, ISender sender) =>","PermissionList.DepartmentPermissions.Edit","DepartmentPermissions.Edit","In-page action reachable","/Organization/Department/List","Covered","src/Modules/Organization/Organization/Organizations/Features/Departments/UpdateDepartment/UpdateDepartmentEndpoint.cs"
"Payroll","PayrollModule","Components","CreateComponent","Workflow","POST","""/api/v1/payroll/components"", async (CreateComponentRequest request, ISender sender) =>","PermissionList.PayrollContractPermissions.Create","PayrollContractPermissions.Create","In-page action reachable","/Payroll/AssignContract","Covered","src/Modules/PayrollModule/Payroll/Salaries/Features/Components/CreateComponent/CreateComponentEndpoint.cs"
"Payroll","PayrollModule","Components","DeleteComponent","Workflow","DELETE","""/api/v1/payroll/components/{id}"", async (Guid id, ISender sender) =>","PermissionList.PayrollContractPermissions.Delete","PayrollContractPermissions.Delete","In-page action reachable","/Payroll/Components","Covered","src/Modules/PayrollModule/Payroll/Salaries/Features/Components/DeleteComponent/DeleteComponentEndpoint.cs"
"Payroll","PayrollModule","Components","GetComponentsByCompany","View/List","GET","""/api/v1/payroll/components/company/{companyId}"",","PermissionList.PayrollContractPermissions.View","PayrollContractPermissions.View","Menu reachable","/Payroll/AssignContract","Covered","src/Modules/PayrollModule/Payroll/Salaries/Features/Components/GetComponentsByCompany/GetComponentsByCompanyEndpoint.cs"
"Payroll","PayrollModule","Components","UpdateComponent","Workflow","PUT","""/api/v1/payroll/components/{id}"", async (Guid id, UpdateComponentRequest request, ISender sender) =>","PermissionList.PayrollContractPermissions.Edit","PayrollContractPermissions.Edit","In-page action reachable","/Payroll/Components","Covered","src/Modules/PayrollModule/Payroll/Salaries/Features/Components/UpdateComponent/UpdateComponentEndpoint.cs"
"Payroll","PayrollModule","Contracts","CreateContract","Workflow","POST","""/api/v1/payroll/contracts"", async (CreateContractRequest request, ISender sender) =>","PermissionList.PayrollContractPermissions.Create","PayrollContractPermissions.Create","In-page action reachable","/Payroll/AssignContract","Covered","src/Modules/PayrollModule/Payroll/Salaries/Features/Contracts/CreateContract/CreateContractEndpoint.cs"
"Payroll","PayrollModule","Contracts","DeleteContract","Workflow","DELETE","""/api/v1/payroll/contracts/{id}"", async (Guid id, ISender sender) =>","PermissionList.PayrollContractPermissions.Delete","PayrollContractPermissions.Delete","In-page action reachable","/Payroll/Components","Covered","src/Modules/PayrollModule/Payroll/Salaries/Features/Contracts/DeleteContract/DeleteContractEndpoint.cs"
"Payroll","PayrollModule","Contracts","GetContractById","Workflow","GET","""/api/v1/payroll/contracts/{id}"", async (Guid id, ISender sender) =>","PermissionList.PayrollContractPermissions.View","PayrollContractPermissions.View","Menu reachable","/Payroll/AssignContract","Covered","src/Modules/PayrollModule/Payroll/Salaries/Features/Contracts/GetContractById/GetContractByIdEndpoint.cs"
"Payroll","PayrollModule","Contracts","GetContractsByCompany","View/List","GET","""/api/v1/payroll/contracts/company/{companyId}"",","PermissionList.PayrollContractPermissions.View","PayrollContractPermissions.View","Menu reachable","/Payroll/AssignContract","Covered","src/Modules/PayrollModule/Payroll/Salaries/Features/Contracts/GetContractsByCompany/GetContractsByCompanyEndpoint.cs"
"Payroll","PayrollModule","EmployeeContracts","AssignEmployeeContract","Workflow","POST","""/api/v1/payroll/employee-contracts"", async (AssignEmployeeContractRequest request, ISender sender) =>","PermissionList.PayrollContractPermissions.Create","PayrollContractPermissions.Create","In-page action reachable","/Payroll/AssignContract","Covered","src/Modules/PayrollModule/Payroll/Salaries/Features/EmployeeContracts/AssignEmployeeContract/AssignEmployeeContractEndpoint.cs"
"Payroll","PayrollModule","EmployeeContracts","GetEmployeeContractsByCompany","Workflow","GET","""/api/v1/payroll/employee-contracts/company/{companyId}"", async ([FromRoute] Guid companyId, [AsParameters] PaginationRequest request, ISender sender) =>","PermissionList.PayrollContractPermissions.View","PayrollContractPermissions.View","Menu reachable","/Payroll/AssignContract","Covered","src/Modules/PayrollModule/Payroll/Salaries/Features/EmployeeContracts/GetEmployeeContractsByCompany/GetEmployeeContractsByCompanyEndpoint.cs"
"Payroll","PayrollModule","EmployeeLoans","ApproveEmployeeLoan","Workflow","POST","""/api/v1/payroll/loans/{id}/approve"", async (Guid id, ISender sender) =>","PermissionList.PayrollLoanPermissions.Approve","PayrollLoanPermissions.Approve","In-page action reachable","/Payroll/Loans","Covered","src/Modules/PayrollModule/Payroll/Salaries/Features/EmployeeLoans/ApproveEmployeeLoan/ApproveEmployeeLoanEndpoint.cs"
"Payroll","PayrollModule","EmployeeLoans","CancelEmployeeLoan","Workflow","POST","""/api/v1/payroll/loans/{id}/cancel"", async (Guid id, ISender sender) =>","PermissionList.PayrollLoanPermissions.Cancel","PayrollLoanPermissions.Cancel","In-page action reachable","/Payroll/Loans","Covered","src/Modules/PayrollModule/Payroll/Salaries/Features/EmployeeLoans/CancelEmployeeLoan/CancelEmployeeLoanEndpoint.cs"
"Payroll","PayrollModule","EmployeeLoans","CreateEmployeeLoan","Workflow","POST","""/api/v1/payroll/loans"", async (CreateEmployeeLoanRequest request, ISender sender) =>","PermissionList.PayrollLoanPermissions.Create","PayrollLoanPermissions.Create","In-page action reachable","/Payroll/Loans","Covered","src/Modules/PayrollModule/Payroll/Salaries/Features/EmployeeLoans/CreateEmployeeLoan/CreateEmployeeLoanEndpoint.cs"
"Payroll","PayrollModule","EmployeeLoans","GetEmployeeLoansByCompany","View/List","GET","""/api/v1/payroll/loans/company/{companyId}"",","PermissionList.PayrollLoanPermissions.View","PayrollLoanPermissions.View","In-page action reachable","/Payroll/Loans","Covered","src/Modules/PayrollModule/Payroll/Salaries/Features/EmployeeLoans/GetEmployeeLoansByCompany/GetEmployeeLoansByCompanyEndpoint.cs"
"Payroll","PayrollModule","EmployeeLoans","UpdateEmployeeLoan","Workflow","PUT","""/api/v1/payroll/loans/{id}"", async (Guid id, UpdateEmployeeLoanRequest request, ISender sender) =>","PermissionList.PayrollLoanPermissions.Edit","PayrollLoanPermissions.Edit","In-page action reachable","/Payroll/Loans","Covered","src/Modules/PayrollModule/Payroll/Salaries/Features/EmployeeLoans/UpdateEmployeeLoan/UpdateEmployeeLoanEndpoint.cs"
"Payroll","PayrollModule","SalaryRuns","ApproveSalaryRun","Workflow","POST","""/api/v1/payroll/salary-runs/{id}/approve"", async (Guid id, ISender sender) =>","PermissionList.SalaryRunPermissions.Approve","SalaryRunPermissions.Approve","In-page action reachable","/Payroll/SalaryRuns","Covered","src/Modules/PayrollModule/Payroll/Salaries/Features/SalaryRuns/ApproveSalaryRun/ApproveSalaryRunEndpoint.cs"
"Payroll","PayrollModule","SalaryRuns","CalculateSalaryRun","Workflow","POST","""/api/v1/payroll/salary-runs/{id}/calculate"", async (Guid id, ISender sender) =>","PermissionList.SalaryRunPermissions.Edit","SalaryRunPermissions.Edit","In-page action reachable","/Payroll/SalaryRuns","Covered","src/Modules/PayrollModule/Payroll/Salaries/Features/SalaryRuns/CalculateSalaryRun/CalculateSalaryRunEndpoint.cs"
"Payroll","PayrollModule","SalaryRuns","CommitSalaryRunsPeriod","Workflow","POST","""/api/v1/payroll/salary-runs/period/commit"", async (CommitSalaryRunsPeriodRequest request, ISender sender) =>","PermissionList.SalaryRunPermissions.Approve","SalaryRunPermissions.Approve","In-page action reachable","/Payroll/SalaryRuns","Covered","src/Modules/PayrollModule/Payroll/Salaries/Features/SalaryRuns/CommitSalaryRunsPeriod/CommitSalaryRunsPeriodEndpoint.cs"
"Payroll","PayrollModule","SalaryRuns","CreateSalaryRun","Workflow","POST","""/api/v1/payroll/salary-runs"", async (CreateSalaryRunRequest request, ISender sender) =>","PermissionList.SalaryRunPermissions.Create","SalaryRunPermissions.Create","In-page action reachable","/Payroll/SalaryRuns","Covered","src/Modules/PayrollModule/Payroll/Salaries/Features/SalaryRuns/CreateSalaryRun/CreateSalaryRunEndpoint.cs"
"Payroll","PayrollModule","SalaryRuns","GetSalaryRunById","Workflow","GET","""/api/v1/payroll/salary-runs/{id}"", async (Guid id, ISender sender) =>","PermissionList.SalaryRunPermissions.View","SalaryRunPermissions.View","Menu reachable","/Payroll/Contracts","Covered","src/Modules/PayrollModule/Payroll/Salaries/Features/SalaryRuns/GetSalaryRunById/GetSalaryRunByIdEndpoint.cs"
"Payroll","PayrollModule","SalaryRuns","GetSalaryRunsByPeriod","View/List","GET","""/api/v1/payroll/salary-runs/company/{companyId}/period"", async (","PermissionList.SalaryRunPermissions.View","SalaryRunPermissions.View","Menu reachable","/Payroll/Contracts","Covered","src/Modules/PayrollModule/Payroll/Salaries/Features/SalaryRuns/GetSalaryRunsByPeriod/GetSalaryRunsByPeriodEndpoint.cs"
"Payroll","PayrollModule","SalaryRuns","UndoSalaryRun","Workflow","POST","""/api/v1/payroll/salary-runs/{id}/undo"", async (Guid id, ISender sender) =>","PermissionList.SalaryRunPermissions.Edit","SalaryRunPermissions.Edit","In-page action reachable","/Payroll/SalaryRuns","Covered","src/Modules/PayrollModule/Payroll/Salaries/Features/SalaryRuns/UndoSalaryRun/UndoSalaryRunEndpoint.cs"
"Procurement","Procurement","ProcurementDocumentEndpoints.cs","ProcurementDocumentEndpoints","Report/Dashboard","GET","""/api/v1/procurement/dashboard"", async (Guid? companyId, ISender sender) =>","PermissionList.PurchaseOrderPermissions.Select","PurchaseOrderPermissions.Select","Menu reachable","/Procurement/Dashboard","Covered","src/Modules/Procurement/Procurement/Procurement/Features/ProcurementDocumentEndpoints.cs"
"Sales, POS, and orders","Orders","AcceptOrderIntake","AcceptOrderIntake","Workflow","PUT","""/api/v1/orders/intakes/{id}/accept"", async (Guid id, ISender sender) =>","PermissionList.OrderIntakePermissions.Accept","OrderIntakePermissions.Accept","In-page action reachable","/Orders/Intakes/{Id:guid}","Covered","src/Modules/Orders/Orders/Orders/Features/AcceptOrderIntake/AcceptOrderIntakeEndpoint.cs"
"Sales, POS, and orders","Cart","AddCartLine","AddCartLine","Workflow","POST","""/api/v1/cart/carts/{id}/lines"", async (Guid id, AddCartLineRequest request, ISender sender) =>","PermissionList.CartPermissions.Edit","CartPermissions.Edit","In-page action reachable","/SalesOrder/POS","Covered","src/Modules/Cart/Cart/Carts/Features/AddCartLine/AddCartLineEndpoint.cs"
"Sales, POS, and orders","SalesOrder","CancelOrder","CancelOrder","Workflow","PUT","""/api/v1/SalesOrders/Order/Cancel"", async (CancelOrderRequest request, ISender sender) =>","PermissionList.SalesOrderPermissions.Edit","SalesOrderPermissions.Edit","In-page action reachable","/Sales/Orders/{Id:guid}","Covered","src/Modules/SalesOrder/SalesOrder/Orders/Features/CancelOrder/CancelOrderEndpoint.cs"
"Sales, POS, and orders","Cart","CheckoutCart","CheckoutCart","Workflow","POST","""/api/v1/cart/carts/{id}/checkout"", async (Guid id, CheckoutCartRequest? request, ISender sender) =>","PermissionList.CartPermissions.Checkout","CartPermissions.Checkout","In-page action reachable","/SalesOrder/POS","Covered","src/Modules/Cart/Cart/Carts/Features/CheckoutCart/CheckoutCartEndpoint.cs"
"Sales, POS, and orders","Cart","ClearCart","ClearCart","Workflow","DELETE","""/api/v1/cart/carts/{id}/lines"", async (Guid id, ISender sender) =>","PermissionList.CartPermissions.Edit","CartPermissions.Edit","In-page action reachable","/SalesOrder/POS","Covered","src/Modules/Cart/Cart/Carts/Features/ClearCart/ClearCartEndpoint.cs"
"Sales, POS, and orders","Cart","CreateCart","CreateCart","Workflow","POST","""/api/v1/cart/carts"", async (CreateCartRequest request, ISender sender) =>","PermissionList.CartPermissions.Create","CartPermissions.Create","In-page action reachable","/SalesOrder/POS","Covered","src/Modules/Cart/Cart/Carts/Features/CreateCart/CreateCartEndpoint.cs"
"Sales, POS, and orders","SalesOrder","DeliverOrder","DeliverOrder","Workflow","PUT","""/api/v1/SalesOrders/Order/Deliver"", async (DeliverOrderRequest request, ISender sender) =>","PermissionList.SalesOrderPermissions.Edit","SalesOrderPermissions.Edit","In-page action reachable","/Sales/Orders/{Id:guid}","Covered","src/Modules/SalesOrder/SalesOrder/Orders/Features/DeliverOrder/DeliverOrderEndPoint.cs"
"Sales, POS, and orders","Orders","GetOrderIntakeById","GetOrderIntakeById","Workflow","GET","""/api/v1/orders/intakes/{id}"", async (Guid id, ISender sender) =>","PermissionList.OrderIntakePermissions.View","OrderIntakePermissions.View","Menu reachable","/Sales/Orders","Covered","src/Modules/Orders/Orders/Orders/Features/GetOrderIntakeById/GetOrderIntakeByIdEndpoint.cs"
"Sales, POS, and orders","Orders","GetOrderIntakesByCompany","GetOrderIntakesByCompany","Workflow","GET","""/api/v1/orders/intakes/company/{companyId}"", async (Guid companyId, [AsParameters] PaginationRequest request, ISender sender) =>","PermissionList.OrderIntakePermissions.View","OrderIntakePermissions.View","Menu reachable","/Sales/Orders","Covered","src/Modules/Orders/Orders/Orders/Features/GetOrderIntakesByCompany/GetOrderIntakesByCompanyEndpoint.cs"
"Sales, POS, and orders","Sales","GetSalesDashboard","GetSalesDashboard","Report/Dashboard","GET","""/api/v1/sales/dashboard/company/{companyId}"", async (Guid companyId, ISender sender) =>","PermissionList.SalesOrderPermissions.ViewReports","SalesOrderPermissions.ViewReports","Menu reachable","/Orders/Intakes","Covered","src/Modules/Sales/Sales/Sales/Features/GetSalesDashboard/GetSalesDashboardEndpoint.cs"
"Sales, POS, and orders","Sales","GetSalesOrderById","GetSalesOrderById","Workflow","GET","""/api/v1/sales/orders/{id}"", async (Guid id, ISender sender) =>","PermissionList.SalesOrderPermissions.View","SalesOrderPermissions.View","Menu reachable","/Sales/Dashboard","Covered","src/Modules/Sales/Sales/Sales/Features/GetSalesOrderById/GetSalesOrderByIdEndpoint.cs"
"Sales, POS, and orders","Sales","GetSalesOrdersByCompany","GetSalesOrdersByCompany","Workflow","GET","""/api/v1/sales/orders/company/{companyId}"", async (Guid companyId, [AsParameters] PaginationRequest request, ISender sender) =>","PermissionList.SalesOrderPermissions.View","SalesOrderPermissions.View","Menu reachable","/Sales/Dashboard","Covered","src/Modules/Sales/Sales/Sales/Features/GetSalesOrdersByCompany/GetSalesOrdersByCompanyEndpoint.cs"
"Sales, POS, and orders","SalesOrder","InvoiceOrder","InvoiceOrder","Workflow","PUT","""/api/v1/SalesOrder/Order/Invoice"", async (InvoiceOrderRequest request, ISender sender) =>","PermissionList.SalesOrderPermissions.Edit","SalesOrderPermissions.Edit","In-page action reachable","/Sales/Orders/{Id:guid}","Covered","src/Modules/SalesOrder/SalesOrder/Orders/Features/InvoiceOrder/InvoiceOrderEndpoint.cs"
"Sales, POS, and orders","Orders","RejectOrderIntake","RejectOrderIntake","Workflow","PUT","""/api/v1/orders/intakes/{id}/reject"", async (Guid id, RejectOrderIntakeRequest request, ISender sender) =>","PermissionList.OrderIntakePermissions.Reject","OrderIntakePermissions.Reject","In-page action reachable","/Orders/Intakes/{Id:guid}","Covered","src/Modules/Orders/Orders/Orders/Features/RejectOrderIntake/RejectOrderIntakeEndpoint.cs"
"Sales, POS, and orders","Cart","RemoveCartLine","RemoveCartLine","Workflow","DELETE","""/api/v1/cart/carts/{id}/lines/{lineId}"", async (Guid id, Guid lineId, ISender sender) =>","PermissionList.CartPermissions.Edit","CartPermissions.Edit","In-page action reachable","/SalesOrder/POS","Covered","src/Modules/Cart/Cart/Carts/Features/RemoveCartLine/RemoveCartLineEndpoint.cs"
"Sales, POS, and orders","Cart","UpdateCartLine","UpdateCartLine","Workflow","PUT","""/api/v1/cart/carts/{id}/lines/{lineId}"", async (Guid id, Guid lineId, UpdateCartLineRequest request, ISender sender) =>","PermissionList.CartPermissions.Edit","CartPermissions.Edit","In-page action reachable","/SalesOrder/POS","Covered","src/Modules/Cart/Cart/Carts/Features/UpdateCartLine/UpdateCartLineEndpoint.cs"
"Sales, POS, and orders","SalesOrder","UpdateOrder","UpdateOrder","Workflow","PUT","""/api/v1/SalesOrders/Order"", async (UpdateOrderRequest request, ISender sender) =>","PermissionList.SalesOrderPermissions.Edit","SalesOrderPermissions.Edit","In-page action reachable","/Sales/Orders/{Id:guid}","Covered","src/Modules/SalesOrder/SalesOrder/Orders/Features/UpdateOrder/UpdateOrderEndPoint.cs"
"Suppliers","SuppliersModule","SupplierGroups","CreateSupplierGroup","Workflow","POST","""/api/v1/suppliers/supplier-group"", async (CreateSupplierGroupRequest request, ISender sender) =>","PermissionList.SupplierGroupPermissions.Create","SupplierGroupPermissions.Create","In-page action reachable","/Suppliers/SupplierGroup/List","Covered","src/Modules/SuppliersModule/SuppliersModule/Suppliers/Features/SupplierGroups/CreateSupplierGroup/CreateSupplierGroupEndpoint.cs"
"Suppliers","SuppliersModule","SupplierGroups","GetSupplierGroupById","Workflow","GET","""/api/v1/suppliers/supplier-group/{id}"", async (Guid id, ISender sender) =>","PermissionList.SupplierGroupPermissions.View","SupplierGroupPermissions.View","In-page action reachable","/Suppliers/SupplierGroup/List","Covered","src/Modules/SuppliersModule/SuppliersModule/Suppliers/Features/SupplierGroups/GetSupplierGroupById/GetSupplierGroupByIdEndpoint.cs"
"Suppliers","SuppliersModule","SupplierGroups","GetSupplierGroupsByCompanyId","Workflow","GET","""/api/v1/suppliers/supplier-group/company/{companyId}"", async ([FromRoute] Guid companyId, [FromServices] ISender sender) =>","PermissionList.SupplierGroupPermissions.View","SupplierGroupPermissions.View","In-page action reachable","/Suppliers/SupplierGroup/List","Covered","src/Modules/SuppliersModule/SuppliersModule/Suppliers/Features/SupplierGroups/GetSupplierGroupsByCompanyId/GetSupplierGroupsByCompanyIdEndpoint.cs"
"Suppliers","SuppliersModule","SupplierGroups","RemoveSupplierGroup","Workflow","DELETE","""/api/v1/suppliers/supplier-group/{id}"", async ([FromRoute] Guid id, [FromServices] ISender sender) =>","PermissionList.SupplierGroupPermissions.Delete","SupplierGroupPermissions.Delete","In-page action reachable","/Suppliers/SupplierGroup/List","Covered","src/Modules/SuppliersModule/SuppliersModule/Suppliers/Features/SupplierGroups/RemoveSupplierGroup/RemoveSupplierGroupEndpoint.cs"
"Suppliers","SuppliersModule","SupplierGroups","UpdateSupplierGroup","Workflow","PUT","""/api/v1/suppliers/supplier-group"", async (UpdateSupplierGroupRequest request, ISender sender) =>","PermissionList.SupplierGroupPermissions.Edit","SupplierGroupPermissions.Edit","In-page action reachable","/Suppliers/SupplierGroup/List","Covered","src/Modules/SuppliersModule/SuppliersModule/Suppliers/Features/SupplierGroups/UpdateSupplierGroup/UpdateSupplierGroupEndpoint.cs"
"Suppliers","SuppliersModule","Suppliers","CreateSupplier","Workflow","POST","""/api/v1/suppliers/supplier"", async (CreateSupplierRequest request, ISender sender) =>","PermissionList.SupplierPermissions.Create","SupplierPermissions.Create","In-page action reachable","/Suppliers/Supplier/Form","Covered","src/Modules/SuppliersModule/SuppliersModule/Suppliers/Features/Suppliers/CreateSupplier/CreateSupplierEndpoint.cs"
"Suppliers","SuppliersModule","Suppliers","GetSupplierById","Workflow","GET","""/api/v1/suppliers/supplier/{id}"", async (Guid id, ISender sender) =>","PermissionList.SupplierPermissions.View","SupplierPermissions.View","Menu reachable","/Suppliers/SupplierGroup/List","Covered","src/Modules/SuppliersModule/SuppliersModule/Suppliers/Features/Suppliers/GetSupplierById/GetSupplierByIdEndpoint.cs"
"Suppliers","SuppliersModule","Suppliers","GetSuppliersByCompanyId","View/List","GET","""/api/v1/suppliers/supplier/company/{companyId}"",","PermissionList.SupplierPermissions.View","SupplierPermissions.View","Menu reachable","/Suppliers/SupplierGroup/List","Covered","src/Modules/SuppliersModule/SuppliersModule/Suppliers/Features/Suppliers/GetSuppliersByCompanyId/GetSuppliersByCompanyIdEndpoint.cs"
"Suppliers","SuppliersModule","Suppliers","RemoveSupplier","Workflow","DELETE","""/api/v1/suppliers/supplier/{id}"", async ([FromRoute] Guid id, [FromServices] ISender sender) =>","PermissionList.SupplierPermissions.Delete","SupplierPermissions.Delete","In-page action reachable","/Suppliers/Supplier/List","Covered","src/Modules/SuppliersModule/SuppliersModule/Suppliers/Features/Suppliers/RemoveSupplier/RemoveSupplierEndpoint.cs"
"Suppliers","SuppliersModule","Suppliers","UpdateSupplier","Workflow","PUT","""/api/v1/suppliers/supplier"", async (UpdateSupplierRequest request, ISender sender) =>","PermissionList.SupplierPermissions.Edit","SupplierPermissions.Edit","In-page action reachable","/Suppliers/Supplier/View/{Id:guid}","Covered","src/Modules/SuppliersModule/SuppliersModule/Suppliers/Features/Suppliers/UpdateSupplier/UpdateSupplierEndpoint.cs"
"Task management","TaskManagement","AddTaskComment","AddTaskComment","Workflow","POST","""/api/v1/taskmanagement/tasks/{id:guid}/comments"", async (Guid id, AddTaskCommentRequest request, ISender sender) =>","PermissionList.TaskManagementPermissions.Comment","TaskManagementPermissions.Comment","In-page action reachable","/TaskManagement/View/{Id:guid}","Covered","src/Modules/TaskManagement/TaskManagement/Tasks/Features/AddTaskComment/AddTaskCommentEndpoint.cs"
"Task management","TaskManagement","ArchiveTask","ArchiveTask","Workflow","DELETE","""/api/v1/taskmanagement/tasks/{id:guid}"", async (Guid id, ISender sender) =>","PermissionList.TaskManagementPermissions.Delete","TaskManagementPermissions.Delete","In-page action reachable","/TaskManagement/List","Covered","src/Modules/TaskManagement/TaskManagement/Tasks/Features/ArchiveTask/ArchiveTaskEndpoint.cs"
"Task management","TaskManagement","AssignTask","AssignTask","Workflow","PUT","""/api/v1/taskmanagement/tasks/{id:guid}/assign"", async (Guid id, AssignTaskRequest request, ISender sender) =>","PermissionList.TaskManagementPermissions.Assign","TaskManagementPermissions.Assign","In-page action reachable","/TaskManagement/View/{Id:guid}","Covered","src/Modules/TaskManagement/TaskManagement/Tasks/Features/AssignTask/AssignTaskEndpoint.cs"
"Task management","TaskManagement","ChangeTaskStatus","ChangeTaskStatus","Workflow","PUT","""/api/v1/taskmanagement/tasks/{id:guid}/status"", async (Guid id, ChangeTaskStatusRequest request, ISender sender) =>","PermissionList.TaskManagementPermissions.View","TaskManagementPermissions.View","Menu reachable","/TaskManagement/MyTasks","Covered","src/Modules/TaskManagement/TaskManagement/Tasks/Features/ChangeTaskStatus/ChangeTaskStatusEndpoint.cs"
"Task management","TaskManagement","CreateTask","CreateTask","Workflow","POST","""/api/v1/taskmanagement/tasks"", async (CreateTaskRequest request, ISender sender) =>","PermissionList.TaskManagementPermissions.Create","TaskManagementPermissions.Create","In-page action reachable","/TaskManagement/Create","Covered","src/Modules/TaskManagement/TaskManagement/Tasks/Features/CreateTask/CreateTaskEndpoint.cs"
"Task management","TaskManagement","DailyCheck","DailyCheck","Workflow","POST","""/api/v1/taskmanagement/tasks/my/daily-check"", async (ISender sender) =>","PermissionList.TaskManagementPermissions.View","TaskManagementPermissions.View","Menu reachable","/TaskManagement/MyTasks","Covered","src/Modules/TaskManagement/TaskManagement/Tasks/Features/DailyCheck/RunMyTaskDailyCheckEndpoint.cs"
"Task management","TaskManagement","Dashboard","Dashboard","Report/Dashboard","GET","""/api/v1/taskmanagement/dashboard"", async (string? scope, Guid? departmentId, ISender sender) =>","PermissionList.TaskManagementPermissions.View","TaskManagementPermissions.View","Menu reachable","/TaskManagement/MyTasks","Covered","src/Modules/TaskManagement/TaskManagement/Tasks/Features/Dashboard/GetTaskDashboardEndpoint.cs"
"Task management","TaskManagement","GenerateRecurringTasks","GenerateRecurringTasks","Workflow","POST","""/api/v1/taskmanagement/tasks/generate-recurring"", async (ISender sender) =>","PermissionList.TaskManagementPermissions.ManageAllTasks","TaskManagementPermissions.ManageAllTasks","In-page action reachable","/TaskManagement/Dashboard","Covered","src/Modules/TaskManagement/TaskManagement/Tasks/Features/GenerateRecurringTasks/GenerateRecurringTasksEndpoint.cs"
"Task management","TaskManagement","GetMyTasks","GetMyTasks","Workflow","GET","""/api/v1/taskmanagement/tasks/my"", async (int PageIndex, int PageSize, string? searchText, ISender sender, IHttpContextAccessor accessor) =>","PermissionList.TaskManagementPermissions.View","TaskManagementPermissions.View","Menu reachable","/TaskManagement/MyTasks","Covered","src/Modules/TaskManagement/TaskManagement/Tasks/Features/GetMyTasks/GetMyTasksEndpoint.cs"
"Task management","TaskManagement","GetTaskById","GetTaskById","Workflow","GET","""/api/v1/taskmanagement/tasks/{id:guid}"", async (Guid id, ISender sender) =>","PermissionList.TaskManagementPermissions.View","TaskManagementPermissions.View","Menu reachable","/TaskManagement/MyTasks","Covered","src/Modules/TaskManagement/TaskManagement/Tasks/Features/GetTaskById/GetTaskByIdEndpoint.cs"
"Task management","TaskManagement","MarkOverdueTasks","MarkOverdueTasks","Workflow","POST","""/api/v1/taskmanagement/tasks/mark-overdue"", async (ISender sender) =>","PermissionList.TaskManagementPermissions.ManageAllTasks","TaskManagementPermissions.ManageAllTasks","In-page action reachable","/TaskManagement/Dashboard","Covered","src/Modules/TaskManagement/TaskManagement/Tasks/Features/MarkOverdueTasks/MarkOverdueTasksEndpoint.cs"
"Task management","TaskManagement","Notifications","Notifications","Workflow","GET","""/api/v1/taskmanagement/notifications"", async (bool? unreadOnly, int? PageIndex, int? PageSize, ISender sender) =>","PermissionList.TaskManagementPermissions.View","TaskManagementPermissions.View","Menu reachable","/TaskManagement/MyTasks","Covered","src/Modules/TaskManagement/TaskManagement/Tasks/Features/Notifications/TaskNotificationsEndpoint.cs"
"Task management","TaskManagement","Notifications","Notifications","Workflow","PUT","""/api/v1/taskmanagement/notifications/read-all"", async (ISender sender) =>","PermissionList.TaskManagementPermissions.View","TaskManagementPermissions.View","Menu reachable","/TaskManagement/MyTasks","Covered","src/Modules/TaskManagement/TaskManagement/Tasks/Features/Notifications/TaskNotificationsEndpoint.cs"
"Task management","TaskManagement","Notifications","Notifications","Workflow","PUT","""/api/v1/taskmanagement/notifications/{id:guid}/read"", async (Guid id, ISender sender) =>","PermissionList.TaskManagementPermissions.View","TaskManagementPermissions.View","Menu reachable","/TaskManagement/MyTasks","Covered","src/Modules/TaskManagement/TaskManagement/Tasks/Features/Notifications/TaskNotificationsEndpoint.cs"
"Task management","TaskManagement","Notifications","Notifications","Workflow","GET","""/api/v1/taskmanagement/notifications/unread-count"", async (ISender sender) =>","PermissionList.TaskManagementPermissions.View","TaskManagementPermissions.View","Menu reachable","/TaskManagement/MyTasks","Covered","src/Modules/TaskManagement/TaskManagement/Tasks/Features/Notifications/TaskNotificationsEndpoint.cs"
"Task management","TaskManagement","ProcessTaskReminders","ProcessTaskReminders","Workflow","POST","""/api/v1/taskmanagement/tasks/process-reminders"", async (ISender sender) =>","PermissionList.TaskManagementPermissions.ManageAllTasks","TaskManagementPermissions.ManageAllTasks","In-page action reachable","/TaskManagement/Dashboard","Covered","src/Modules/TaskManagement/TaskManagement/Tasks/Features/ProcessTaskReminders/ProcessTaskRemindersEndpoint.cs"
"Task management","TaskManagement","Reports","Reports","Report/Dashboard","GET","""/api/v1/taskmanagement/reports/department-performance"", async (","PermissionList.TaskManagementPermissions.ViewReports","TaskManagementPermissions.ViewReports","In-page action reachable","/TaskManagement/Reports","Covered","src/Modules/TaskManagement/TaskManagement/Tasks/Features/Reports/GetTaskReportsEndpoint.cs"
"Task management","TaskManagement","Reports","Reports","Report/Dashboard","GET","""/api/v1/taskmanagement/reports/employee-productivity"", async (","PermissionList.TaskManagementPermissions.ViewReports","TaskManagementPermissions.ViewReports","In-page action reachable","/TaskManagement/Reports","Covered","src/Modules/TaskManagement/TaskManagement/Tasks/Features/Reports/GetTaskReportsEndpoint.cs"
"Task management","TaskManagement","Reports","Reports","Report/Dashboard","GET","""/api/v1/taskmanagement/reports/summary"", async (","PermissionList.TaskManagementPermissions.ViewReports","TaskManagementPermissions.ViewReports","In-page action reachable","/TaskManagement/Reports","Covered","src/Modules/TaskManagement/TaskManagement/Tasks/Features/Reports/GetTaskReportsEndpoint.cs"
"Task management","TaskManagement","TaskActions","TaskActions","Workflow","DELETE","""/api/v1/taskmanagement/tasks/{taskId:guid}/actions/{actionId:guid}"", async (Guid taskId, Guid actionId, ISender sender) =>","PermissionList.TaskManagementPermissions.View","TaskManagementPermissions.View","Menu reachable","/TaskManagement/MyTasks","Covered","src/Modules/TaskManagement/TaskManagement/Tasks/Features/TaskActions/TaskActionsEndpoint.cs"
"Task management","TaskManagement","TaskActions","TaskActions","Workflow","POST","""/api/v1/taskmanagement/tasks/{taskId:guid}/actions"", async (Guid taskId, CreateTaskActionRequest request, ISender sender) =>","PermissionList.TaskManagementPermissions.View","TaskManagementPermissions.View","Menu reachable","/TaskManagement/MyTasks","Covered","src/Modules/TaskManagement/TaskManagement/Tasks/Features/TaskActions/TaskActionsEndpoint.cs"
"Task management","TaskManagement","TaskActions","TaskActions","Workflow","PUT","""/api/v1/taskmanagement/tasks/{taskId:guid}/actions/{actionId:guid}"", async (Guid taskId, Guid actionId, UpdateTaskActionRequest request, ISender sender) =>","PermissionList.TaskManagementPermissions.View","TaskManagementPermissions.View","Menu reachable","/TaskManagement/MyTasks","Covered","src/Modules/TaskManagement/TaskManagement/Tasks/Features/TaskActions/TaskActionsEndpoint.cs"
"Task management","TaskManagement","TaskActions","TaskActions","Workflow","PUT","""/api/v1/taskmanagement/tasks/{taskId:guid}/actions/{actionId:guid}/completion"", async (Guid taskId, Guid actionId, ToggleTaskActionCompletionRequest request, ISender sender) =>","PermissionList.TaskManagementPermissions.View","TaskManagementPermissions.View","Menu reachable","/TaskManagement/MyTasks","Covered","src/Modules/TaskManagement/TaskManagement/Tasks/Features/TaskActions/TaskActionsEndpoint.cs"
"Task management","TaskManagement","UpdateTask","UpdateTask","Workflow","PUT","""/api/v1/taskmanagement/tasks"", async (UpdateTaskRequest request, ISender sender) =>","PermissionList.TaskManagementPermissions.Edit","TaskManagementPermissions.Edit","In-page action reachable","/TaskManagement/Edit/{Id:guid}","Covered","src/Modules/TaskManagement/TaskManagement/Tasks/Features/UpdateTask/UpdateTaskEndpoint.cs"
"Task management","TaskManagement","UpdateTaskProgress","UpdateTaskProgress","Workflow","PUT","""/api/v1/taskmanagement/tasks/{id:guid}/progress"", async (Guid id, UpdateTaskProgressRequest request, ISender sender) =>","PermissionList.TaskManagementPermissions.Comment","TaskManagementPermissions.Comment","In-page action reachable","/TaskManagement/View/{Id:guid}","Covered","src/Modules/TaskManagement/TaskManagement/Tasks/Features/UpdateTaskProgress/UpdateTaskProgressEndpoint.cs"
"Task management","TaskManagement","UploadTaskAttachment","UploadTaskAttachment","Workflow","POST","""/api/v1/taskmanagement/tasks/{id:guid}/attachments"", async (Guid id, IFormFile file, ISender sender) =>","PermissionList.TaskManagementPermissions.Comment","TaskManagementPermissions.Comment","In-page action reachable","/TaskManagement/View/{Id:guid}","Covered","src/Modules/TaskManagement/TaskManagement/Tasks/Features/UploadTaskAttachment/UploadTaskAttachmentEndpoint.cs"
"Auth and security","Auth","Authentication","ChangePassword","Workflow","POST","""/api/v1/auth/change-password"", async (ChangePasswordRequest request, ISender sender) =>","","","Page route reachable","/User/ForgetPassword","Needs manual confirmation","src/Modules/Auth/Auth/Users/Features/Authentication/ChangePassword/ChangePasswordEndPoint.cs"
"Auth and security","Auth","Authentication","ConfirmOTP","Workflow","POST","""/api/v1/auth/confirm-otp"", async (ConfirmOTPRequest request, ISender sender) =>","","","Page route reachable","/User/ForgetPassword","Needs manual confirmation","src/Modules/Auth/Auth/Users/Features/Authentication/ConfirmOTP/ConfirmOTPEndPoint.cs"
"Auth and security","Auth","Authentication","GenerateResetPasswordOTP","Workflow","POST","""/api/v1/catalog/auth/reset-password-phone"", async (GenerateResetPasswordOTPRequest request, ISender sender) =>","","","Page route reachable","/User/ForgetPassword","Needs manual confirmation","src/Modules/Auth/Auth/Users/Features/Authentication/GenerateResetPasswordOTP/GenerateResetPasswordOTPEndPoint.cs"
"Auth and security","Auth","Authentication","GenerateResetPasswordOTP","Workflow","POST","""/api/v1/auth/reset-password"", async (GenerateResetPasswordOTPRequest request, ISender sender) =>","","","Page route reachable","/User/ForgetPassword","Needs manual confirmation","src/Modules/Auth/Auth/Users/Features/Authentication/GenerateResetPasswordOTP/GenerateResetPasswordOTPEndPoint.cs"
"Auth and security","Auth","Authentication","Login","Workflow","POST","""/api/v1/auth/login"", async (LoginRequest request, ISender sender) =>","","","Page route reachable","/User/ForgetPassword","Needs manual confirmation","src/Modules/Auth/Auth/Users/Features/Authentication/Login/LoginEndPoint.cs"
"Auth and security","Auth","Authentication","RegisterUser","Workflow","POST","""/api/v1/auth/register"", async (RegisterUserRequest request, ISender sender) =>","","","Page route reachable","/User/ForgetPassword","Needs manual confirmation","src/Modules/Auth/Auth/Users/Features/Authentication/RegisterUser/RegisterUserEndPoint.cs"
"Auth and security","Auth","Authentication","ValidateRefreshToken","Workflow","POST","""/api/v1/auth/refresh-token"", async (RefreshTokenRequest request, ISender sender) =>","","","Page route reachable","/User/ForgetPassword","Needs manual confirmation","src/Modules/Auth/Auth/Users/Features/Authentication/ValidateRefreshToken/RefreshTokenEndPoint.cs"
"Auth and security","Auth","IsAlive","IsAlive","View/List","GET","""/"", async () =>","","","Page route reachable","/User/ForgetPassword","Needs manual confirmation","src/Modules/Auth/Auth/Users/Features/IsAlive/IsAliveEndpoint.cs"
"Auth and security","Auth","Users","AssignRoleToUser","Workflow","POST","""/api/v1/auth/Users/AssignRole"", async (AssignRoleToUserRequest request, ISender sender) =>","PermissionList.UsersPermissions.Create","UsersPermissions.Create","Page route reachable","/User/ForgetPassword","Needs manual confirmation","src/Modules/Auth/Auth/Users/Features/Users/AssignRoleToUser/AssignRoleToUserEndpoint.cs"
"Auth and security","Auth","Users","UnassignRoleFromUser","Workflow","POST","""/api/v1/auth/users/unassignRole"", async (UnassignRoleFromUserRequest request, ISender sender) =>","PermissionList.UsersPermissions.Delete","UsersPermissions.Delete","Page route reachable","/User/ForgetPassword","Needs manual confirmation","src/Modules/Auth/Auth/Users/Features/Users/UnassignRoleFromUser/UnassignRoleFromUserEndPoint.cs"
"Catalog and pricing","Catalog","Products","GetPublicStoreProductSkus","View/List","GET","""/api/v1/catalog/public/products/skus/filters"",","","","Page route reachable","/Warehouse/Product/Dashboard","Needs manual confirmation","src/Modules/Catalog/Catalog/Products/Features/Products/GetPublicStoreProductSkus/GetPublicStoreProductSkusEndpoint.cs"
"Catalog and pricing","Catalog","Products","GetPublicStoreProductSkus","View/List","GET","""/api/v1/catalog/public/products/skus"",","","","Page route reachable","/Warehouse/Product/Dashboard","Needs manual confirmation","src/Modules/Catalog/Catalog/Products/Features/Products/GetPublicStoreProductSkus/GetPublicStoreProductSkusEndpoint.cs"
"HR employees","Employee","Employees","GetPublicEmployeeView","Workflow","GET","$""{Utils.URL_PATTERN}/{Utils.Employee_Endpoint}/public-view/{{id:guid}}"", async (Guid id, ISender sender) =>","","","Page route reachable","/Employee/Dashboard","Needs manual confirmation","src/Modules/Employee/EmployeeModule/Employees/Features/Employees/GetPublicEmployeeView/GetPublicEmployeeViewEndpoint.cs"
"Inventory","Inventory","Inventories","CreateBatch","Workflow","POST","""/api/v1/inventory/inventories/batches"", async (CreateBatchRequest request, ISender sender) =>","PermissionList.InventoryPermissions.Create","InventoryPermissions.Create","Page route reachable","/Inventory/Dashboard","Needs manual confirmation","src/Modules/Inventory/Inventory/Warehouses/Features/Inventories/zOld/CreateBatch/CreateBatchEndPoint.cs"
"Inventory","Inventory","Inventories","CreateInventory","Workflow","POST","""/api/inventory/inventories"", async (CreateInventoryRequest request, ISender sender) =>","","","Page route reachable","/Inventory/Dashboard","Needs manual confirmation","src/Modules/Inventory/Inventory/Warehouses/Features/Inventories/zOld/CreateInventory/CreateInventoryEndPoint.cs"
"Inventory","Inventory","Inventories","GetInventoryByWarehouseId","Workflow","GET","""/api/v1/inventory/inventories/{warehouseId:guid}"", async (Guid warehouseId, ISender sender) =>","","","Page route reachable","/Inventory/Dashboard","Needs manual confirmation","src/Modules/Inventory/Inventory/Warehouses/Features/Inventories/zOld/GetInventoryByWarehouseId/GetInventoryByWarehouseIdEndPoint.cs"
"Inventory","Inventory","Inventories","ReleaseReservedQuantity","Workflow","POST","""/api/v1/inventory/inventories/release-quantity"", async (ReleaseReservedQuantityRequest request, ISender sender) =>","","","Page route reachable","/Inventory/Dashboard","Needs manual confirmation","src/Modules/Inventory/Inventory/Warehouses/Features/Inventories/zOld/ReleaseReservedQuantity/ReleaseReservedQuantityEndPoint.cs"
"Inventory","Inventory","Inventories","RemoveBatch","Workflow","DELETE","""/api/inventory/inventories/{inventoryId:guid}/batches/{batchId:guid}"", async (Guid inventoryId, Guid batchId, ISender sender) =>","","","Page route reachable","/Inventory/Dashboard","Needs manual confirmation","src/Modules/Inventory/Inventory/Warehouses/Features/Inventories/zOld/RemoveBatch/RemoveBatchEndPoint.cs"
"Inventory","Inventory","Inventories","ReserveFIFO","Workflow","POST","""/api/inventory/inventories/{inventoryId:guid}/reserve-fifo"", async (ReserveFIFORequest request, ISender sender) =>","","","Page route reachable","/Inventory/Dashboard","Needs manual confirmation","src/Modules/Inventory/Inventory/Warehouses/Features/Inventories/zOld/ReserveFIFO/ReserveFIFOEndPoint.cs"
"Inventory","Inventory","Inventories","ReserveQuantity","Workflow","POST","""/api/v1/inventory/inventories/reserve-quantity"", async (ReserveQuantityRequest request, ISender sender) =>","","","Page route reachable","/Inventory/Dashboard","Needs manual confirmation","src/Modules/Inventory/Inventory/Warehouses/Features/Inventories/zOld/ReserveQuantity/ReserveQuantityEndPoint.cs"
"Inventory","Inventory","Inventories","StockAdjustment","Workflow","POST","""/api/v1/inventory/inventories/StockAdjustment"", async (StockAdjustmentRequest request, ISender sender) =>","PermissionList.InventoryPermissions.Create, PermissionList.InventoryItemPermissions.Create","InventoryPermissions.Create","Page route reachable","/Inventory/Dashboard","Needs manual confirmation","src/Modules/Inventory/Inventory/Warehouses/Features/Inventories/StockAdjustment/StockAdjustmentEndpoint.cs"
"Inventory","Inventory","Inventories","StockIn","Workflow","POST","""/api/v1/inventory/inventories/StockIn"", async (StockInRequest request, ISender sender) =>","PermissionList.InventoryPermissions.Create, PermissionList.InventoryItemPermissions.Create","InventoryPermissions.Create","Page route reachable","/Inventory/Dashboard","Needs manual confirmation","src/Modules/Inventory/Inventory/Warehouses/Features/Inventories/StockIn/StockInEndpoint.cs"
"Organization","Organization","Companies","CreateCompany","Workflow","POST","$""{Utils.ROUTE_PATTERN}/{Utils.CompanyEndpoint}"", async (CreateCompanyRequest request, ISender sender) =>","PermissionList.CompanyPermissions.Create","CompanyPermissions.Create","Page route reachable","/Organization/Dashboard","Needs manual confirmation","src/Modules/Organization/Organization/Organizations/Features/Companies/CreateCompany/CreateCompanyEndpoint.cs"
"Organization","Organization","Companies","DeleteCompany","Workflow","DELETE","$""{Utils.ROUTE_PATTERN}/{Utils.CompanyEndpoint}""+""{id}"", async ([FromRoute] Guid id, ISender sender) =>","PermissionList.CompanyPermissions.Delete","CompanyPermissions.Delete","Page route reachable","/Organization/Dashboard","Needs manual confirmation","src/Modules/Organization/Organization/Organizations/Features/Companies/DeleteCompany/DeleteCompanyEndpoint.cs"
"Organization","Organization","Companies","UpdateCompany","Workflow","PUT","$""{Utils.ROUTE_PATTERN}/{Utils.CompanyEndpoint}"", async (UpdateCompanyRequest request, ISender sender) =>","PermissionList.CompanyPermissions.Edit","CompanyPermissions.Edit","Page route reachable","/Organization/Dashboard","Needs manual confirmation","src/Modules/Organization/Organization/Organizations/Features/Companies/UpdateCompany/UpdateCompanyEndpoint.cs"
"Payroll","PayrollModule","Contracts","UpdateContract","Workflow","PUT","""/api/v1/payroll/contracts/{id}"", async (Guid id, UpdateContractRequest request, ISender sender) =>","","","Page route reachable","/Payroll/AssignContract","Needs manual confirmation","src/Modules/PayrollModule/Payroll/Salaries/Features/Contracts/UpdateContract/UpdateContractEndpoint.cs"
"Payroll","PayrollModule","SalaryRuns","UndoSalaryRunsPeriod","Workflow","POST","""/api/v1/payroll/salary-runs/period/undo"", async (UndoSalaryRunsPeriodRequest request, ISender sender) =>","","","Page route reachable","/Payroll/AssignContract","Needs manual confirmation","src/Modules/PayrollModule/Payroll/Salaries/Features/SalaryRuns/UndoSalaryRunsPeriod/UndoSalaryRunsPeriodEndpoint.cs"
"Procurement","Procurement","ProcurementDocumentEndpoints.cs","ProcurementDocumentEndpoints","Workflow","GET","$""{baseRoute}/{{id:guid}}"", async (Guid id, ISender sender) =>","permissions.View","","Page route reachable","/Procurement/Dashboard","Needs manual confirmation","src/Modules/Procurement/Procurement/Procurement/Features/ProcurementDocumentEndpoints.cs"
"Procurement","Procurement","ProcurementDocumentEndpoints.cs","ProcurementDocumentEndpoints","Workflow","PUT","$""{baseRoute}/{{id:guid}}"", async (Guid id, UpdateProcurementDocumentRequest request, ISender sender) =>","permissions.Edit","","Page route reachable","/Procurement/Dashboard","Needs manual confirmation","src/Modules/Procurement/Procurement/Procurement/Features/ProcurementDocumentEndpoints.cs"
"Procurement","Procurement","ProcurementDocumentEndpoints.cs","ProcurementDocumentEndpoints","Workflow","POST","baseRoute, async (CreateProcurementDocumentRequest request, ISender sender) =>","permissions.Create","","Page route reachable","/Procurement/Dashboard","Needs manual confirmation","src/Modules/Procurement/Procurement/Procurement/Features/ProcurementDocumentEndpoints.cs"
"Procurement","Procurement","ProcurementDocumentEndpoints.cs","ProcurementDocumentEndpoints","Workflow","GET","baseRoute, async (Guid? companyId, int? pageIndex, int? pageSize, string? searchText, ISender sender) =>","permissions.View","","Page route reachable","/Procurement/Dashboard","Needs manual confirmation","src/Modules/Procurement/Procurement/Procurement/Features/ProcurementDocumentEndpoints.cs"
"Procurement","Procurement","ProcurementDocumentEndpoints.cs","ProcurementDocumentEndpoints","Workflow","POST","$""{baseRoute}/{{id:guid}}/{action.Route}"", async (Guid id, ISender sender) =>","action.Permission","","Page route reachable","/Procurement/Dashboard","Needs manual confirmation","src/Modules/Procurement/Procurement/Procurement/Features/ProcurementDocumentEndpoints.cs"
"Procurement","Procurement","ProcurementDocumentEndpoints.cs","ProcurementDocumentEndpoints","Workflow","DELETE","$""{baseRoute}/{{id:guid}}"", async (Guid id, ISender sender) =>","permissions.Delete","","Page route reachable","/Procurement/Dashboard","Needs manual confirmation","src/Modules/Procurement/Procurement/Procurement/Features/ProcurementDocumentEndpoints.cs"
"Sales, POS, and orders","SalesOrder","AddLine","AddLine","Workflow","POST","""/api/v1/SalesOrders/Order/{id}/AddLIne"",","PermissionList.SalesOrderPermissions.Create","SalesOrderPermissions.Create","Page route reachable","/Orders/Intakes/{Id:guid}","Needs manual confirmation","src/Modules/SalesOrder/SalesOrder/Orders/Features/AddLine/AddLineEndpoint.cs"
"Sales, POS, and orders","SalesOrder","CreateOrder","CreateOrder","Workflow","POST","""/api/v1/SalesOrders/Order"", async (CreateOrderRequest request, ISender sender) =>","PermissionList.SalesOrderPermissions.Create","SalesOrderPermissions.Create","Page route reachable","/Orders/Intakes/{Id:guid}","Needs manual confirmation","src/Modules/SalesOrder/SalesOrder/Orders/Features/CreateOrder/CreateOrderEndPoint.cs"
"Sales, POS, and orders","Cart","GetCartById","GetCartById","Workflow","GET","""/api/v1/cart/carts/{id}"", async (Guid id, ISender sender) =>","PermissionList.CartPermissions.View","CartPermissions.View","Page route reachable","/Orders/Intakes/{Id:guid}","Needs manual confirmation","src/Modules/Cart/Cart/Carts/Features/GetCartById/GetCartByIdEndpoint.cs"
"Sales, POS, and orders","Orders","SubmitOrderIntake","SubmitOrderIntake","Workflow","POST","""/api/v1/orders/intakes"", async (SubmitOrderIntakeRequest request, ISender sender) =>","PermissionList.OrderIntakePermissions.Create","OrderIntakePermissions.Create","Page route reachable","/Orders/Intakes/{Id:guid}","Needs manual confirmation","src/Modules/Orders/Orders/Orders/Features/SubmitOrderIntake/SubmitOrderIntakeEndpoint.cs"
"Task management","TaskManagement","GetTasks","GetTasks","View/List","GET","""/api/v1/taskmanagement/tasks"", async (","","","Page route reachable","/TaskManagement/Create","Needs manual confirmation","src/Modules/TaskManagement/TaskManagement/Tasks/Features/GetTasks/GetTasksEndpoint.cs"
